AL	210748	AAB-EDU
AU	138017	ABBNET-AS-AP Abbotsleigh School
US	46928	ACADEMY-SPORTS-OUTDOORS
US	395495	ACADEMYHEALTH-ASN
PL	8286	ACI-EDU-AS ZUT ACI Educational AS
US	394435	ACLIBRARY
HK	56190	ACME-AS-AP ACME Universal Co.
AU	139344	ACTGOV-EDU-AS-AP ACT Government InTACT Group
AU	137188	ACU-AS-AP Australian Catholic University Limited
PH	132905	ADDU-AS-AP AS number of Ateneo de Davao University
AU	1851	ADELAIDE-UNIVERSITY-AS-AP The University of Adelaide
PH	132844	ADMU-AS-AP Ateneo de Manila University
PH	132554	ADMU-SALCEDO-AS-AP Ateneo de Manila University
US	396212	AIMS-COMMUNITY-COLLEGE
JP	23793	AIST National Institute of Advanced Industrial Science and Technology
JP	59111	AIU-NET Akita International University
PK	18173	AKU-AS-PK Aga Khan University
NZ	9431	AKUNI-NZ The University of Auckland
US	22990	ALBANYEDU
US	16404	ALBRIGHT-COLLEGE
US	13513	ALFRED-UNIVERSITY
CA	15158	ALGOMA-UNIVERSITY-COLLEGE
IR	35043	ALLAMEH-UNIVERSITY-AS
US	40272	ALLENINSTITUTE
IN	132926	ALLENK-AS-IN Allen Career Institute
AU	134142	ALOYSIUS-AS-AP ST ALOYSIUS COLLEGE
US	395664	ALTIUS-INSTITUTE-FOR-BIOMEDICAL-SCIENCES
US	26069	ALVERNIAUNIVERSITY-AS01
US	62779	AMER-COLLEGE-OF-CARDIOLOGY-HOSTING1
US	20286	AMER-COLLEGE-OF-CARDIOLOGY-WASHINGTONDC
US	12218	AMERICAN-INSTITUTES-FOR-RESEARCH
IN	134023	AMU-AS Aligarh Muslim University
KR	10071	ANYANG-AS anyang University
JP	17523	AOYAMA Aoyama Gakuin University
AU	139917	AQUINASCOLLEGE-AS-AP Aquinas College
TR	210690	AREL-UNIVERSITY-AS
RO	51461	ARKA-UNIVERSAL-IMPEX
IR	204904	ART-UNIVERSITY
US	27616	AS-NEWSCHOOL
SE	200300	AS-NTISOD Nordic Institute of Technology, Sodertorn
NL	1161	AS-TUE Technische Universiteit Eindhoven TUe
JP	131159	AS-YAMAGATAU Yamagata University
KR	18401	AS18401-AS-KR DAEGU UNIVERSITY
CH	34288	AS34288 EDU-ZG-CH - Public Schools in the Canton of Zug
DE	9020	AS9020-FRAUNHOFER-IESE-KL Fraunhofer IESE Institut Experimentelles Software Engineering
AU	136753	ASC-AS-AP Anglican Schools Corporation
AU	132900	ASCHAMSCHOOLLTD-AS-AP Ascham School LTD
IL	41116	ASHKELON-ACADEMIC-COLLEGE
US	54762	ASHLANDUNIVERSITY
KR	9459	ASKONKUK Konkuk University
PL	8865	ASN-BIAMAN-EDU MSK BIAMAN
KR	7622	ASN-KAIST-SAL Korea Advanced Institute of Science and Technology
RU	25371	ASN-KIAM KIAM - Keldysh Institute of Applied Mathematics
NZ	10110	ASN-MITNZ-AP # AS-MITNZ-AP CONVERTED TO ASN-MITNZ-AP FOR RPSL COMPLIANCE Manukau Institute of Technology
JP	24248	ASN-WADAI-U Wakayama University
US	33116	ASN-WASH-CO-VA-SCHOOLS
PH	136028	ASTI-AS-AP Advanced Science and Technology Institute
AT	35052	AS_AT_TLD_SERVICES Vienna University
PH	18188	ATENEO-AS-AP Ateneo de Manila University
NP	142626	ATIPL-AS-AP Acme Technical Institute Pvt Ltd
BD	136911	AUFW-AS-AP Asian University for Women
US	393296	AUGUSTANACOLLEGEROCKISLANDIL
US	396344	AURORA-PUBLIC-SCHOOLS-ASN
US	53575	AUSTIN-COLLEGE
NZ	24398	AUT-NZ-AP Auckland University of Technology
TH	133328	AWN-BANGKOK-PATANA-SCHOOL-AS-AP Bangkok Patana School
KR	10053	AYTCNET-AS yeonsung University
FI	15496	Aalto University
RU	8506	Academy of Irkutsk Scientific Centre of Siberian Department of RAN
CO	265696	Asociacion Red Universitaria de Alta Velocidad del Valle del Cauca
GR	8611	Athens University of Economics and Business
AT	1115	Austrian Academy of Sciences
NG	327729	BABCOCK-UNIV
ID	4796	BANDUNG-NET-AS-AP Institute of Technology Bandung
VE	27862	BANESCO BANCO UNIVERSAL, C.A.
BD	132365	BANGLADESHAGRICULTURALUNIVERSITY-AS-AP Bangladesh Agricultural University BAU
US	33545	BARDCOLLEGE
AU	138537	BARKERCOLLEGE-AS-AP Barker College
US	13539	BASTYR-UNIVERSITY
US	32513	BATTELLE-MEMORIAL-INSTITUTE
KR	38695	BC-AS-KR bucheon university
US	19395	BCCC-COLLEGE-I2
US	399961	BELMONT-UNIVERSITY
US	397021	BELTON-INDEPENDENT-SCHOOL-DISTRICT
US	40293	BENEDICTINE-UNIVERSITY
US	54079	BENNINGTON-COLLEGE
US	394488	BERGEN-COUNTY-SCHOOL-DISTRICT
US	26017	BETTENDORF-LIBRARY
CN	131578	BFSUNET Beijing Foreign Studies University
BG	35503	BG-SCHOOL-AS
AU	23922	BHI-AU BOX HILL INSTITUTE
TR	13102	BILGIEDU
ID	24526	BINUS Bina Nusantara University
US	10558	BIOLA---BIOLA-UNIVERSITY
IN	135734	BITSPILN-AS-IN Birla Institute Of Technology And Science
HU	25171	BKAENET-AS Budapest University of Economic Sciences and Public Administration
EU	2547	BMENET-AS Budapest University of Technology and Economics
IN	45340	BMS-BNG-AS-AP B.M.S College Of Engineering
IN	133552	BMS-BNG-IN B.M.S College Of Engineering
EU	1117	BOKU Universitaet fuer Bodenkultur Wien
AU	24014	BONDUNI-AS-AP Bond University Limited
US	22834	BOSTONCOLLEGE
BD	133738	BOU-AS-AP Bangladesh Open University
AU	138945	BQAGS-AS-AP BALLARAT AND QUEENS ANGLICAN GRAMMAR SCHOOL
US	26367	BRADLEY-UNIVERSITY
US	19856	BRAZOSPORT-COLLEGE
US	53816	BRENTWOODACADEMY-TN
US	53979	BREVARD-COMMUNITY-COLLEGE
US	397179	BRIDGEWATER-COLLEGE
US	33281	BRIGHAM-YOUNG-UNIVERSITY-IDAHO
US	46964	BROADINSTITUTE-AS
US	397038	BROWARD-COLLEGE-01
BD	138382	BRUR-AS-AP Begum Rokeya University, Rangpur
US	46722	BRYANT-UNIVERSITY
BD	137974	BSMRAUNI-AS-AP Bangabandhu Sheikh Mujibur Rahman Agricultural University
BD	138573	BU-AS-AP University of Barisal
US	40591	BUCKNELLUNIVERSITY
BD	138163	BUP-ICT-AS-AP Bangladesh University of Professionals BUP
US	26026	BUTLER-UNIVERSITY
RU	8475	Bashkirskiy State University
NG	328419	Bayero-University-AS
MX	3141	Benemerita Universidad Autonoma de Puebla
NG	327763	Bowen-University
CN	63582	CAICTNET Chinese Academy of Telecommunication Research
CN	63583	CAICTNET Chinese Academy of Telecommunication Research
US	393425	CALACADEMY-NET
US	22217	CALVIN-UNIVERSITY
CA	32756	CAMBRIANCOLLEGE
US	1650	CAMBRIDGEMA-PUBLIC-SCHOOLS
US	11482	CANISIUS-COLLEGE
NZ	9432	CANTERBURY-AS University of Canterbury
US	54025	CAPELLAUNIVERSITY
US	11009	CARLOWUNIV
US	29926	CARROLL-COUNTY-SCHOOLS
CN	55971	CASS-NET Chinese Academy of Social Sciences
US	22854	CATAWBA-COLLEGE
KR	55586	CATHOLIC-AS-KR THE CATHOLIC UNIVERSITY OF KOREA SONGSIM
KR	17575	CAUNET-AS-KR Chung-Ang University
KR	9528	CBE-AS-KR Taejon Institute of Education Science
AU	142042	CBHSL-AS-AP Christian Brothers High School Lewisham
KR	18158	CBNU-AS-KR CHUNGBUK NATIONAL UNIVERSITY
KR	9859	CCCC-AS ChungCheong University
US	1702	CCHICAGO-STATE-UNIVERSITY
AU	139747	CCI-AS-AP Childrens Cancer Institute Australia
AU	58611	CDU-AS-AP Charles Darwin University
US	22704	CEI-COLLEGE-OF-EASTERN-IDAHO
US	62822	CENTENARYCOLLEGE
CA	19350	CENTENNIALCOLLEGE
US	54375	CENTRE-COLLEGE
US	32933	CERES-UNIFIED-SCHOOL-DISTRICT
BR	262390	CESUMAR - CENTRO UNIVERSITARIO DE MARINGA
US	54024	CFA-INSTITUTE
AU	136016	CGGS-AS-AP Camberwell Anglican Girls Grammar School
TH	134064	CGI-AS-AP The Chulabhorn Graduate Institute Campus Network Member of UniNet
KR	10188	CHADWICK-AS-KR Songdo Chadwick international School
US	32692	CHAMINADEUNIV-01
US	63276	CHAMPLAINCOLLEGE
US	46255	CHARLOTTE-MECKLENBURG-SCHOOLS-NC
HK	138400	CHCOHE-AS-AP Chu Hai College of Higher Education
KR	18026	CHEJU-AS-KR JEJU NATIONAL UNIVERSITY
US	46110	CHEMEKETA-COMMUNITY-COLLEGE
KR	9955	CHEONAN-AS-KR Baekseok University
US	398850	CHEYNEY-UNIVERSITY-OF-PA
US	1416	CHICAGO-PUBLIC-SCHOOLS
KR	7560	CHONBUK-AS Jeonbuk National University
NZ	45140	CHRIST-COLLEGE-NZ-AS-AP Christ College Christchurch ASN
US	1411	CHRISTOPHER-NEWPORT-UNIVERSITY
KR	23971	CHUGYE-AS-KR CHUGYE UNIVERSITY FOR THE ARTS
JP	23623	CHUO-U Chuo University
RO	50944	CIMEC-AS former Institutul de Memorie Culturala
US	53532	CINNAMINSON-SCHOOLS
US	398474	CITY-OF-COLLEGE-STATION
US	31822	CITY-UNIVERSITY-OF-NEW-YORK
CA	30638	CITYOFHAMILTON-LIBRARY
HK	4158	CITYU-AS-HK City University of Hong Kong
KR	38694	CJE-AS-KR CHEONGJU NATIONAL UNIVERSITY OF EDCATION
KR	17615	CJU-AS-KR Chongju University
US	398484	CLARKEUNIVERSITY-BGP
US	53399	CLARKSTOWN-CENTRAL-SCHOOL-DISTRICT
US	40252	CLEVELAND-MUNICIPAL-SCHOOL-DISTRICT
US	27236	CLEVELANDHEIGHTSUNIVERSITYHEIGHTSCITYSCHOOLS
CN	59089	CLOUDVSP NO.18 Building University of Technology
TH	140918	CMKL-AS-AP CMKL University
AU	137837	CMRI-AS-AP Childrens Medical Research Institute
TH	24344	CMRU-AS-AP Chiangmai Rajabhat University
TH	17479	CMU-TH-AP Chiang Mai University
CN	24348	CNGI-BJ-IX2-AS-AP CERNET2 IX at Tsinghua University
CN	24349	CNGI-BJ-IX3-AS-AP CERNET2 IX at Peking University
CN	24355	CNGI-CD-IX-AS-AP CERNET2 IX at University of Electronic Science and Technology of China
CN	24357	CNGI-GZ-IX-AS-AP CERNET2 IX at South China University of Technology
CN	24362	CNGI-HEF-IX-AS-AP CERNET2 IX at University of Science and Technology of China
CN	24363	CNGI-JNN-IX-AS-AP CERNET2 IX at Shandong University
CN	138378	CNGI-KMN-IX-AS-AP CERNET2 regional IX at Yunnan University
CN	24361	CNGI-NJ-IX-AS-AP CERNET2 IX at Southeast University
CN	138371	CNGI-QDA-IX-AS-AP CERNET2 regional IX at Ocean University of China
CN	24364	CNGI-SH-IX-AS-AP CERNET2 IX at Shanghai Jiaotong University
CN	24369	CNGI-SY-IX-AS-AP CERNET2 IX at Northeast University
CN	24352	CNGI-TJN-IX-AS-AP CERNET2 IX at Tianjin University
CN	24358	CNGI-WH-IX-AS-AP CERNET2 IX at Huazhong University of Science and Technology
KR	10197	CNU-AS-KR Chonnam National University
KR	18298	CNUNET-AS-KR Chungnam National University
US	26818	COL-PUB-SCHOOLS-OH
US	1289	COLGATE-UNIVERSITY
AU	138447	COLLAW-AS-AP The College of Law Limited
US	394062	COLLEGE-FOUNDATION-INC
US	30376	COLLEGE-OF-ST-SCHOLASTICA
US	10988	COLLEGE-OF-WESTERN-IDAHO
US	33030	COLLEGE-OF-WOOSTER
CA	33389	COLLEGEBOREAL
US	26569	COLLEGENET
US	398147	COLLEGEOFTHEMAINLAND-1
US	395288	COLLIN-EDU
US	393657	COLORADOMESAUNIVERSITY
US	12145	COLORADOSTATEUNIV
US	46755	COLUMBIA-COLLEGE-MISSOURI
US	40583	COLUMBIAGORGE-ESD
BD	132216	COMILLA1-AS-AP Comilla University
US	398574	COMMONWEALTH-CHARTER-ACADEMY
US	17326	CONCORDIA-COLLEGE
US	19941	CONCORDIA-UNIVERSITY-CHICAGO
US	3410	CORNELLCOLLEGE
RU	213133	CORPNETACADEMY
CO	264835	CORPORACION UNIVERSIDAD DE LA COSTA CUC
CO	61463	CORPORACION UNIVERSIDAD DE MEDELLIN
CO	264803	CORPORACION UNIVERSITARIA ADVENTISTA
UA	38931	CORSIDEGROUP Universal Business Information Systems LLC
NZ	45138	CPIT-NZ-AS-AP Christchurch Polytechnic Institute
AU	24433	CQU-AS-AP Central Queensland University
AU	37993	CRANBROOK-AS-AP Cranbrook School
AU	139737	CRC-AS-AP Catholic Regional College Caroline Springs
TH	134690	CRMA-AS-AP Chulachomklao Royal Military academy member of UniNet
TH	24453	CRU-AS-AP Chandrakasem Rajabahat University
KR	9754	CSU-AS CHOSUN UNIVERSITY
AU	58877	CSUNIC1-AS-AP Charles Sturt University
US	22742	CT-EDU-NET
US	398441	CTON-CITY-SCHOOLS
BD	133450	CU-AS-AP University Of Chittagong
JP	63783	CUC Chiba University of Commerce
KR	24027	CUE-AS-KR Chinju National University of Education
BD	136937	CUET-AS-AP Chittagong University of Engineering & Technology
JP	37910	CUNET Chubu University
KR	10198	CUP-AS-KR Catholic University of Pusan
PH	137417	CUP-ASN-PL-AP Cambridge University Press is the publishing business of the University of Cambridge in UK
US	393683	CURRYCOLLEGE
AU	38083	CURTIN-UNI-AS-AP Curtin University
KR	9868	CUTH-AS Catholic University of DAEGU
US	394391	CWU-CENTRAL-WASHINGTON-UNIVERSITY
KR	38110	CWUIC Chungwoon University
KR	55625	CWUNET-AS-KR Chungwoon University
GH	327886	Central-University-AS
BR	262959	Centro Universitario do Rio G. do Norte - UNIRN
CO	263710	Corporacion Universitaria Minuto de Dios
MX	18592	Corporacion Universitaria para el Desarrollo de Internet, A.C.
NG	328188	Covenant-University-AS
KR	9778	DAEJIN-AS DAEJIN UNIVERSITY
US	40166	DAEMEN-COLLEGE
JP	23826	DAIDO-IT Daido University
US	21781	DALTONSCHOOL
CA	8111	DALUNIV
KR	9753	DAU-AS Dong-A Universirty
US	7915	DAYTONA-STATE-COLLEGE
US	54311	DCC-615-DELGADO-COMMUNITY-COLLEGE
JP	18143	DCSNET Mitsubishi Research Institute DCS Co.,Ltd.
AU	7645	DEAKIN-AS-AP Deakin University
DE	196610	DECIX-ACADEMY DE-CIX Academy Educational Network
US	46155	DEERFIELD-ACADEMY
US	63038	DELIBRARY
US	22607	DES-MOINES-EDU
US	14590	DESERTSCHOOLS-ASN-1
KR	9870	DEUNET-AS DONG-EUI UNIVERSITY
KR	9323	DGUNET-AS DONGGUK University
PH	23862	DILNET-AS-AP University of the Philippines Diliman
NZ	55887	DIOSCHOOLAK2-NZ Diocesan School for Girls
KR	45984	DIRS-AS-KR Dongnam Institute of Radiologycal Sciences
KR	23983	DJU-AS-KR Daejeon University
PH	63848	DLS-CSB-PH De La Salle-College of Saint Benilde
PH	133498	DLSU-AS-AP De La Salle University
IN	135730	DMIMS-AS Datta Meghe Institute Of Medical Sciences
JP	131961	DOKKYO-AS Dokkyo University
KR	55627	DONGDUK-AS-KR Dongduk Womens University
US	398119	DORDT-UNIVERSITY
JP	18267	DOSHISHA Doshisha University
CA	395064	DOUGLASCOLLEGE
KR	10042	DPC-AS-KR SUSEONG COLLEGE
TH	136496	DPU-AS-AP Dhurakij Pundit University
US	14038	DRAKE-UNIVERSITY
TH	137394	DRU-AS-AP Dhonburi Rajabhat University
KR	9774	DSU-AS Dongseo University
BD	138566	DUET-GAZIPUR-AS-AP Dhaka University of Engineering & Technology, Gazipur
KR	10180	DUKSUNG-AS-KR Duksung Womens University
VN	131357	DUYTAN-AS-VN Duy Tan University
SE	9088	Dalarna University
DE	16108	Deutsches Institut fuer Normung
US	397356	EARLHAM-COLLEGE
US	11570	EASTERN-NEW-MEXICO-UNIVERITY
US	3935	EASTWAUNIV
US	40347	EAUCLAIRE-COUNTY
US	398058	ECCC-EDU
NL	16350	ECHELON-AS Institutenweg 38
US	40326	ECKERD-COLLEGE
CA	27623	EDM-PUBLIC-LIBRARY
CN	139177	EDU New Oriental Education & Technology Group Ltd.
HK	7650	EDUHK-AS-AP The Education University of Hong Kong
PH	142129	EEEI-AS-IXP-CONNECT-IX Electrical and Electronics Engineering Institute
NZ	134818	EGGS-AS-AP Epsom Girls Grammar School
JP	131897	EHIME-U National University Corporation ,Ehime University
NZ	139272	EIT-AS-AP EASTERN INSTITUTE OF TECHNOLOGY LIMITED
NZ	55702	EIT-AS-AP EASTERN INSTITUTE OF TECHNOLOGY LIMITED
KR	131823	EKAPE-AS-KR korea Institute for Animal Products Quality Evaluation
IL	50744	EMEK-YEZREEL-COLLEGE-LTD
TH	45807	EMIT-TH-AS-AP Emergency Medical institute Of Thailand
US	20177	EMPORIA-STATE-UNIVERSITY
PH	45832	ENDERUN--TRANSIT-AS-AP Enderun Colleges, Inc.
US	46224	EPISCOPAL-ACADEMY
TH	4274	ERX-AU-NET Assumption University
TH	3839	ERX-CHULANET Chulalongkorn University
HK	3661	ERX-CUHKNET The Chinese University of Hong Kong
HK	4605	ERX-HKBUNET Hong Kong Baptist University
ID	3382	ERX-JUITA-UINET University of Indonesia
NZ	681	ERX-KAWAIHIKO-1 The University of Waikato
PH	3550	ERX-PHILNET Ateneo de Manila University
US	12268	ETOWNCOLLEGE-ASN
KR	3748	ETRI-AS-KR Electronics and Telecommunications Research Institute
KR	9322	EWHANET1-AS Institute of Information and Computing, EWHA WOMANS UNIV.
BD	138578	EWU-AS-AP East West University
US	29867	FAIRFIELD-UNIVERSITY
JP	24297	FCN University Public Corporation Osaka
US	394698	FITCHBURG-STATE-UNIVERSITY
US	396349	FIVE-COLLEGE-DATA-NETWORK-AS
US	1249	FIVE-COLLEGES-AS
TW	38845	FJU-AS-TW Fu Jen Catholic University
FJ	136921	FNU-AS-AP Fiji National University
US	32531	FORDHAM-UNIVERSITY
EU	775	FR-INRIA-ROCQ Institut National de Recherche en Informatique
EU	2259	FR-U-STRASBOURG OSIRIS - UNIVERSITE DE STRASBOURG
US	393251	FRANCIS-MARION-UNIVERSITY
US	53568	FRANKLIN-UNIVERSITY
US	399909	FRANKLINCOLLEGE
DE	5501	FRAUNHOFER-CLUSTER-BW Research Institutes spread all over Germany
AU	132345	FRIENDSSCH-AS-AP The Friends School
KR	38687	FSI-AS-KR Financial Security Institute
KR	55609	FSICERT-AS-KR Financial Security Institute
KR	45971	FSIISAC-AS-KR Financial Security Institute
JP	63785	FU-NTP Fukuoka University
JP	18148	FUKUOKA-U Fukuoka University
BR	264427	FUNDACAO INSTITUTO NACIONAL DE TELECOMUNICACOES
BR	21612	FUNDACAO INSTITUTO OSWALDO CRUZ
BR	263282	FUNDACAO UNIVERSIDADE DO OESTE DE SANTA CATARINA
BR	266512	FUNDACAO UNIVERSIDADE ESTADUAL DO PIAUI - FUESPI
AR	267703	FUNDACION UNIVERSIDAD DE PALERMO
BO	270090	FUNDACION UNIVERSIDAD PRIVADA DE SANTA CRUZ DE LA SIERRA - UPSA
CO	264693	FUNDACION UNIVERSITARIA AUTONOMA DE LAS AMERICAS
CO	262158	FUNDACION UNIVERSITARIA DEL AREA ANDINA
CL	264671	Facultad de Ciencias Fisicas y Matematicas de la Universidad de Chile
HT	52382	Faculte Des Sciences, Universite dEtat dHaiti
RU	6801	Federal State Institution Russian Scientific Center Kurchatovsky institute
NG	328324	FederalUniversity-AS
BR	268334	Fundacao Universidade Alto Vale do Rio do Peixe
BR	262742	Fundacao Universidade Federal do ABC - UFABC
BR	28614	Fundacao Universidade Regional de Blumenau
BR	21506	Fundacao Universidade de Brasilia
BR	22819	Fundacao Universidade de Caxias do Sul
BR	262442	Fundacao Universidade de Itauna
BR	262583	Fundacao Universidade de Passo Fundo
BR	28579	Fundacao Universidade do Sul de Santa Catarina
BR	19763	Fundacao Universidade do Vale do Itajai
BR	263613	Fundacao Universitaria do Desenvolvimento do Oeste
AR	262265	Fundacion Universidad Empresarial Siglo 21
GU	56200	GCC-NETOPS-GU Guam Community College
KR	9531	GEDU-AS-KR Gwangju Education Research Information Service
US	33726	GENEVACOLLEGE-AS
US	39986	GEORGE-FOX-UNIVERSITY
US	11279	GEORGE-MASON-UNIV
CA	19764	GEORGIAN-COLLEGE-ASN
US	393500	GERMANTOWNFRIENDSSCHOOL
KR	17614	GEUMGANG-AS-KR Geumgang University
KR	55596	GILHOSP-AS-KR Gachon University Gil Hospital
IN	59163	GLAU-AS-IN GLA University
PL	49649	GMAN-EDU
KR	18320	GNUE-AS-KR Kwangju National University of Education
US	14049	GOLDEN-GATE-UNIV
US	5632	GORDONCOLLEGE
US	22966	GOSHEN-COLLEGE
US	31871	GRACELANDUNIVERSITY
US	46748	GRADSCHOOL
RU	29493	GRIDPNPI Petersburg Institute of Nuclear Physics of B.P. Konstantinov
ES	200359	GRUPOUNIVERSAL
KR	18028	GSNU-AS-KR GyeongSang National University
JP	17946	GUCC Gifu University
US	396391	GUILFORD-COLLEGE
US	1830	GULF-COAST-STATE-COLLEGE
KR	18341	GUMI-AS-KR Gumi College
ID	46042	GUNADARMA-AS-ID Gunadarma University
TR	15843	Galatasaray Universitesi
SE	2842	Goteborgs Universitet
KR	17578	HALLA-AS-KR CHEJU HALLA UNIVERSITY
US	33434	HAMILTON-COLLEGE
US	21727	HAMLINE-EDU
KR	9775	HANNAM-AS Hannam University
US	16575	HANOVER-COLLEGE
US	54677	HARDIN-SIMMONS-UNIVERSITY
HK	3662	HARNET Joint Universities Computer Centre Limited
US	1742	HARVARD-UNIV
VN	135978	HAUI-AS-VN Hanoi University of Industry
KR	10159	HAUNET-AS-KR Korea Aerospace University
KR	18331	HCC-AS-KR Daejeon Institute of Science and Technology
US	11548	HERITAGE-UNIV-AS
US	400397	HERKIMER-COUNTY-COMMUNITY-COLLEGE
US	25738	HERZING-UNIVERSITY
US	46159	HIGH-DESERT-ESD
US	393928	HILLIARD-CITY-SCHOOLS-AS
JP	7509	HINET Hokkaido University
US	40503	HIRAMCOLLEGE
KR	18029	HIT-AS-KR Daejeon Helath Sciences College
HK	138647	HKAPA-AS-AP The Hong Kong Academy for Performing Arts
HK	4528	HKU-AS-HK The University of Hong Kong
HK	3363	HKUST-AS-HK Hong Kong University of Science and Technology
VN	131397	HMU-AS-VN Hanoi Medical University
DE	50595	HOCHSCHULE-RHEINMAIN
US	33703	HOFSTRA-UNIVERSITY
AU	24510	HOLMESGLEN-INSTITUTE-OF-TAFE-AP Optus Customer Network
KR	18330	HONGIK-AS-KR HONGIK UNIVERSITY
US	33608	HOOD-COLLEGE
US	63056	HOOPESTON-AREA-SCHOOLS
US	394289	HOPE-COLLEGE
US	62678	HORACEMANNSCHOOL
JP	55379	HOSEI-NET Hosei University
KR	9949	HOSEO-AS Hoseo University
AU	136557	HOST-AS-AP Host Universal Pty Ltd
US	32626	HOUSTON-AREA-LIBRARY-AUTOMATED-NETWORK-HALAN
US	394309	HOUSTON-BAPTIST-UNIVERSITY
AU	133094	HPIMRI-AS-AP Harry Perkins Institute of Medical Research Inc
HK	137887	HSMC-AS-AP The Hang Seng University of Hong Kong
KR	18035	HSU18035-AS-KR HANSEO UNIVERSITY
GB	60241	HUBS-EDIN High-Speed Universal Broadband Services C.I.C.
KR	9572	HUFSNET-AS Hankuk University of Foreign Studies Computer Center
CA	32156	HUMBER-COLLEGE
HU	6711	HUNGARNET-SZEGED Szeged University Association and
MY	149494	HUSB-AS-AP HELP University
VN	38727	HUT-AS-VN Ha Noi University of Technology
KR	38104	HYEJEON-AS-KR Hyejeon University
KR	9321	HYUNET-AS Hanyang University
KR	17868	HYUPSUNG-NET-AS-KR Hyupsung University
IN	137136	IASRIDC-AS Indian Agricultural Statistics Research Institute
ID	147129	IDNIC-AIS-AS-ID Universitas Aisyiyah Surakarta
ID	136828	IDNIC-BINADARMA-AS-ID Universitas Bina Darma Palembang
ID	140444	IDNIC-BINAWAN-AS-ID Universitas Binawan
ID	137327	IDNIC-HANGTUAH-AS-ID Universitas Hang Tuah
ID	149372	IDNIC-IAIN-BUKITTINGGI-AS-ID Institut Agama Islam Negeri Bukittinggi
ID	136886	IDNIC-IAIN-TULUNGAGUNG-AS-ID INSTITUT AGAMA ISLAM NEGERI TULUNGAGUNG
ID	141635	IDNIC-IAINJEMBER-AS-ID Institut Agama Islam Negeri IAIN Jember
ID	138144	IDNIC-IAINKEDIRI-AS-ID Institut Agama Islam Negeri Kediri
ID	147092	IDNIC-IAINKENDARI-AS-ID Institut Agama Islam Negeri Kendari IAIN KENDARI
ID	141052	IDNIC-IAINM-AS-ID Institut Agama Islam Negeri Metro
ID	141649	IDNIC-IAINMADURA-AS-ID Institut Agama Islam Negeri Madura
ID	139372	IDNIC-IAINPEKALONGAN-AS-ID Institut Agama Islam Negeri Pekalongan
ID	140025	IDNIC-IAINPONOROGO-AS-ID INSTITUT AGAMA ISLAM NEGERI IAIN PONOROGO
ID	140010	IDNIC-IAINPURWOKERTO-AS-ID INSTITUT AGAMA ISLAM NEGERI PURWOKERTO
ID	141967	IDNIC-IAINSALATIGA-AS-ID Institut Agama Islam Negeri Salatiga
ID	138142	IDNIC-IIBDJ-AS-ID Institut Informatika & Bisnis Darmajaya
ID	141135	IDNIC-IPDN-AS-ID Institut Pemerintahan Dalam Negeri
ID	63876	IDNIC-ISI-AS-ID Institut Seni Indonesia Yogyakarta
ID	136866	IDNIC-ISI-SKA-AS-ID Institut Seni Indonesia Surakarta
ID	142367	IDNIC-ITDEL-AS-ID Institut Teknologi Del
ID	136871	IDNIC-ITENAS-AS-ID Institut Teknologi Nasional
ID	45318	IDNIC-ITERA-AS-ID Institut Teknologi Sumatera
ID	140480	IDNIC-ITK-AS-ID Institut Teknologi Kalimantan
ID	141981	IDNIC-ITLTRISAKTI-AS-ID Institut Transportasi dan Logistik Trisakti
ID	138084	IDNIC-ITN-AS-ID INSTITUT TEKNOLOGI NASIONAL MALANG
ID	139443	IDNIC-ITNY-AS-ID Institut Teknologi Nasional Yogyakarta
ID	149397	IDNIC-KHAIRUN-AS-ID Universitas Khairun
ID	136118	IDNIC-MERCU-AS-ID Universitas Mercubuana
ID	133832	IDNIC-MERCUBUANAYOGYA-AS-ID Universitas Mercu Buana Yogyakarta
ID	140411	IDNIC-PARAMADINA-AS-ID UNIVERSITAS PARAMADINA
ID	64316	IDNIC-RADENFATAH-AS-ID Universitas Islam Negeri Raden Fatah Palembang
ID	136090	IDNIC-RADENINTAN-AS-ID Universitas Islam Negeri Raden Intan Lampung
ID	138046	IDNIC-STIKOMSURABAYA-AS-ID INSTITUT BISNIS DAN INFORMATIKA STIKOM SURABAYA
ID	131763	IDNIC-TADULAKO-AS-ID Universitas Tadulako
ID	133357	IDNIC-TELU-AS-ID TELKOM UNIVERSITY
ID	136058	IDNIC-TRUNOJOYO-AS-ID UNIVERSITAS TRUNOJOYO MADURA
ID	132642	IDNIC-UAD-AS-ID Universitas Ahmad Dahlan
ID	133818	IDNIC-UBB-AS-ID Universitas Bangka Belitung
ID	134653	IDNIC-UHAMKA-AS-ID Universitas Muhammadiyah Prof. DR. HAMKA
ID	141633	IDNIC-UHO-AS-ID Universitas Halu Oleo
ID	133827	IDNIC-UII-AS-ID UNIVERSITAS ISLAM INDONESIA
ID	149329	IDNIC-UIII-AS-ID Universitas Islam Internasional Indonesia
ID	149358	IDNIC-UIN-ANTASARI-AS-ID Universitas Islam Negeri Antasari Banjarmasin
ID	141108	IDNIC-UINBANTEN-AS-ID Universitas Islam Negeri Sultan Maulana Hasanudin Banten
ID	131734	IDNIC-UINJKT-AS-ID Universitas Islam Negeri Syarif Hidayatullah Jakarta
ID	131781	IDNIC-UINMALANG-AS-ID Universitas Islam Negeri Maulana Malik Ibrahin UIN Maliki
ID	133824	IDNIC-UINMKS-AS-ID Universitas Islam Negeri Alauddin Makasar
ID	142320	IDNIC-UINSU-AS-ID Universitas Islam Negeri Sumatera Utara Medan
ID	133844	IDNIC-UINSUSKA-AS-ID Universitas Islam Negeri Suska Riau
ID	139998	IDNIC-UIR-AS-ID Universitas Islam Riau
ID	134627	IDNIC-UKSW-AS-ID Universitas Kristen Satya Wacana
ID	147161	IDNIC-UMG-AS-ID Universitas Muhammadiyah Gresik
ID	139974	IDNIC-UMK-AS-ID Universitas Muria Kudus
ID	137297	IDNIC-UMKT-AS-ID Universitas Muhammadiyah Kalimantan Timur
ID	138864	IDNIC-UMKUDUS-AS-ID UNIVERSITAS MUHAMMADIYAH KUDUS
ID	136853	IDNIC-UMMGL-AS-ID Universitas Muhammadiyah Magelang
ID	136837	IDNIC-UMP-AS-ID Universitas Muhammadiyah Palembang
ID	64305	IDNIC-UMPO-AS-ID UNIVERSITAS MUHAMMADIYAH PONOROGO
ID	137384	IDNIC-UMPURWOKERTO-AS-ID Universitas Muhammadiyah Purwokerto
ID	59275	IDNIC-UMS-AS-ID Universitas Muhammadiyah Surakarta
ID	137360	IDNIC-UMSBY-AS-ID Universitas Muhammadiyah Surabaya
ID	138878	IDNIC-UMSIDA-AS-ID Universitas Muhammadiyah Sidoarjo
ID	58818	IDNIC-UMY-AS-ID Universitas Muhammadiyah Yogyakarta
ID	140019	IDNIC-UNAI-AS-ID Universitas Advent Indonesia
ID	136059	IDNIC-UNDANA-AS-ID Universitas Nusa Cendana
ID	132678	IDNIC-UNEJ-AS-ID Universitas Jember
ID	58822	IDNIC-UNESA-AS-ID Universitas Negeri Surabaya
ID	132660	IDNIC-UNG-AS-ID Universitas Negeri Gorontalo
ID	134614	IDNIC-UNHAS-AS-ID Universitas Hasanuddin
ID	59131	IDNIC-UNIKA-AS-ID Universitas Katolik Soegijapranata
ID	58556	IDNIC-UNIKOM-AS-ID PT Universal Komunikatama
ID	137332	IDNIC-UNIKOMBANDUNG-AS-ID Universitas Komputer Indonesia
ID	138066	IDNIC-UNIMA-AS-ID Universitas Negeri Manado
ID	137299	IDNIC-UNIMAL-AS-ID Universitas Malikussaleh
ID	58824	IDNIC-UNIMED-AS-ID Universitas Negeri Medan
ID	136833	IDNIC-UNIMUS-AS-ID UNIVERSITAS MUHAMMADIYAH SEMARANG
ID	59138	IDNIC-UNISBANK-AS-ID Universitas STIKUBANK
ID	63877	IDNIC-UNIVERSALKENDARI-AS-ID PT Universal Internet Service
ID	149325	IDNIC-UNIVERSITAS-WAHID-HASYIM-AS-ID Universitas Wahid Hasyim
ID	141578	IDNIC-UNIVPANCASILA-AS-ID Universitas Pancasila
ID	131703	IDNIC-UNJ-AS-ID Universitas Negeri Jakarta
ID	132667	IDNIC-UNJA-AS-ID Universitas Jambi
ID	135481	IDNIC-UNM-AS-ID Universitas Negeri Makassar
ID	147157	IDNIC-UNMER-AS-ID Universitas Merdeka Malang
ID	131754	IDNIC-UNMUL-AS-ID Universitas Mulawarman
ID	63499	IDNIC-UNP-AS-ID Universitas Negeri Padang
ID	142348	IDNIC-UNPAK-AS-ID Universitas Pakuan
ID	133361	IDNIC-UNPAR-AS-ID Universitas Katolik Parahyangan
ID	133802	IDNIC-UNPAS-AS-ID Universitas Pasundan Bandung
ID	133825	IDNIC-UNPATTI-AS-ID Universitas Pattimura
ID	138136	IDNIC-UNRAM-AS-ID Universitas Mataram
ID	138124	IDNIC-UNSAM-AS-ID Universitas Samudra
ID	138078	IDNIC-UNSIL-AS-ID Universitas Siliwangi
ID	136070	IDNIC-UNSRAT-AS-ID UNIVERSITAS SAM RATULANGI
ID	136077	IDNIC-UNSRAT-AS-ID Universitas Islam Negeri Mataram
ID	132676	IDNIC-UNSRI-AS-ID Universitas Sriwijaya
ID	136110	IDNIC-UNTAG-BANYUWANGI-AS-ID UNIVERSITAS 17 AGUSTUS 1945 BANYUWANGI
ID	137312	IDNIC-UNTIDAR-ID UNIVERSITAS TIDAR
ID	139377	IDNIC-UNTIRTA-AS-ID Universitas Sultan Ageng Tirtayasa
ID	136883	IDNIC-UNUSA-AS-ID Universitas Nahdlatul Ulama Surabaya
ID	136827	IDNIC-UPGRIS-AS-ID Universitas PGRI Semarang
ID	139959	IDNIC-UPNVJ-AS-ID Universitas Pembangunan Nasional Veteran Jakarta
ID	63886	IDNIC-UPNYK-AS-ID Universitas Pembangunan Nasional Veteran Yogyakarta
ID	142329	IDNIC-UPR-AS-ID Universitas Palangkaraya
ID	137356	IDNIC-UPY-AS-ID Universitas PGRI Yogyakarta
ID	136103	IDNIC-USM-AS-ID Universitas Semarang
ID	136112	IDNIC-UTY-AS-ID Universitas Teknologi Yogyakarta
ID	63491	IDNIC-WIMA-AS-ID Universitas Katolik Widya Mandala
ID	135482	IDNIC-YPUP-AS-ID Yayasan Pendidikan Universitas Presiden
IN	141477	IGNOU-AS-IN Indira Gandhi National Open University
EU	2488	IIASA-NET International Institute for Applied Systems Analysis
BD	136618	IICT-BUET-AS-AP Bangladesh University of Engineering and Technology
IN	38021	IIFTNET-AS-AP Network of Indian Institute of Foreign Trade
IN	138231	IIITA-AS-IN Indian Institute Of Information Technology Allahabad
IN	137617	IIMAHD-AS Indian Institute Of Management Ahmedabad
IN	134901	IISERTVM-AS Indian Institute Of Science Education And Research
IN	140033	IITBHILAI-AS-AP Indian Institute of Technology Bhilai
IN	140118	IITBHU-AS-IN Indian Institute Of Technology Banaras Hindu University
IN	132780	IITDEL-AS-IN Indian Institute of Technology Delhi
IN	141270	IITI-AS-IN Indian Institute Of Technology Indore
IN	133002	IITMPUNE-AS Indian Institute of Tropical Meteorology
IN	131226	IITR-AS-AP Indian Institute Of Technology Roorkee
IN	137956	IITRPR-AS-AP Indian Institute of Technology Ropar
MY	45344	IIUM-MY International Islamic University Of Malaysia
US	7386	ILLINOIS-STATE-UNIV
US	394602	ILLINOISCOLLEGE
AU	135350	IMMANUEL-AS-AP Immanuel College
KR	23570	INCHEON-AS-KR UNIVERSITY OF INCHEON
BD	136134	INDEPENDENT-AS-AP Independent Univeristy, Bangladesh
US	394420	INDEPENDENT-COLLEGE-ENTERPRISE
US	396390	INDIANA-UNIVERSITY-NEAAR
KR	46012	INDUK-AS-KR Induk University
PT	35038	INESCTEC Instituto de Engenharia de Sistemas e Computadores, Tecnologia e Ci?ncia
KR	9780	INJE-AS INJE UNIVERSITY
IN	134934	INSTEMIT-AS Institute For Stem Cell Biology And Regenerative Medicine
CH	34893	INSTITUT-STRAUMANN
IR	25306	INSTITUTE-ISIRAN Tehran,Iran
BR	11751	INSTITUTO CYBER DE ENSINO E PESQUISA
BR	263313	INSTITUTO DE TECNOLOGIA DE ALIMENTOS
BR	266174	INSTITUTO FEDERAL DE E. C. E TENOLOGIA DO RN
BR	266511	INSTITUTO FEDERAL DE EDUC, CIENCIA E TEC DO PIAUI
BR	263325	INSTITUTO FEDERAL DE EDUCACAO, CIENCIA E TECNOLOGI
MX	265553	INSTITUTO FEDERAL DE TELECOMUNICACIONES
BR	264372	INSTITUTO HERMES PARDINI SA
CO	270028	INSTITUTO NACIONAL DE CANCEROLOGIA - EMPRESA SOCIAL DEL ESTADO
MX	265519	INSTITUTO POTOSINO DE INVESTIGACION CIENTIFICA Y TECNOLOGICA A.C.
AR	264618	INSTITUTO UNIVERSITARIO AERONAUTICO
RU	15620	INTBEL Belgorod state techological university na V.G. Shukhov
US	11537	INTERNET2-RESEARCH-EDU
NP	58456	IOE-NET-NP-AS Institute of Engineering, Pulchowk Campus
RU	3351	IOFFE-PHYSICAL-THECHICAL-INSTITUTE-AS
VN	63746	IOIT-AS-VN Institute of Information Technology IOIT
US	17278	IONACOLLEGE
IN	136304	IOPIRINN-AS Institute Of Physics, Bhubaneswar
JP	7502	IP-KYOTO Advanced Software Technology & Management Research Institute of KYOTO
ID	17553	IPBNET-AS-AP Bogor Agricultural University
KR	131801	IPIC-AS-KR Korea Institute of Patent Information
IN	133723	IPR-AS Institute for Plasma Research
TH	23687	IPST-AS-AP The Institute for the Promotion of Teaching Science
PL	205036	IPV6-EDU-PL IPv6.edu.pl: BGP Research Network
PK	139024	IQRAUNIVERSITY-AS-AP Iqra University
IR	6736	IRANET-IPM Institute for Research in Fundamental Sciences IPM
PH	17721	IRRI-AS-AP International Rice Research Institute
IN	38872	ISBNET-AS-IN Indian School of Business, a world class business school, India
US	400023	ISD279-OSSEO-AREA-SCHOOLS
SG	139617	ISEAS-AS-AP ISEAS Yusof Ishak Institute
ID	149176	ITB-BANDUNG-ASN Institute of Technology Bandung
KH	139588	ITC-CAM-AS-AP Institute of Technology of Cambodia
RU	2148	ITEP Institute of Theoretical and Experimental Physics
US	395577	ITHACA-COLLEGE
BR	28576	ITIBR - Instituto de Tecnologia Informacao Brasil
KR	9317	ITISNET-AS INHA UNIVERSITY
TW	18422	ITRINET-AS-TW Industrial Technology Research Institute
ID	38331	ITS-AS-ID-AP Institut Teknologi Sepuluh Nopember
IN	55566	IUCAA-IN Inter University Centre for Astronomy and Astrophysics
BD	136164	IUT-AS-AP Islamic University of Technology IUT
BR	262614	Insper Instituto de Ensino e Pesquisa
BR	265190	Instituto Brasileiro de Planejamento Tributario
CR	11830	Instituto Costarricense de Electricidad y Telecom.
BR	262349	Instituto Curitiba de Informatica
BR	269284	Instituto Euro Americano de Educacao Ciencia Tecno
BR	263410	Instituto Federal Catarinense
MX	8140	Instituto Federal Electoral
BR	268306	Instituto Federal de Sao Paulo
BR	271107	Instituto Federal do Tocantins - Campus Araguaina
MX	28383	Instituto Jalisciense de Tecnologias de la Informacion A.C.
MX	7974	Instituto Mexicano del Petroleo
MX	27673	Instituto Nacional de Estadistica Geografia e Info
MX	28563	Instituto Nacional de Salud Publica
AR	263198	Instituto Nacional de Vitivinicultura
BR	28609	Instituto Nupef
MX	3484	Instituto Politecnico Nacional
BR	265478	Instituto Presbiteriano Mackenzie
AR	52459	Instituto Social para Jubilados y Pensionados I.N.S.S.J.P
MX	21520	Instituto Tecnologico Autonomo de MexicoITAM
MX	10436	Instituto Tecnologico y de Estudios Superiores de Monterrey
MX	10479	Instituto Tecnologico y de Estudios Superiores de Monterrey
MX	10560	Instituto Tecnologico y de Estudios Superiores de Monterrey
MX	11136	Instituto Tecnologico y de Estudios Superiores de Monterrey
MX	6342	Instituto Tecnologico y de Estudios Superiores de Monterrey
MX	7038	Instituto Tecnologico y de Estudios Superiores de Monterrey
VE	27771	Instituto Venezolano de Investigaciones Cientificas
BR	270379	Instituto das Irmas da Santa Cruz
EU	13134	Instituto de Informatica, IP Ministerio da Solidariedade e Seguranca Social
KE	328466	International-School-of-Kenya-AS
GR	8618	Ionion University
TR	9095	Istanbul Teknik Universitesi
BD	138550	JAGANNATHUNI-AS-AP Jagannath University
BD	139251	JAHANGIRNAGAR-AS-AP Jahangirnagar University
IR	59553	JAHROMUNIVESITYOFMEDICALSCIENCES
JP	17932	JAIST Japan Advanced Institute of Science and Technology
JP	55384	JAIST-EXP Japan Advanced Institute of Science and Technology
KR	10190	JB-AS-KR Joongbu University
KR	45389	JBEDUNET-AS-KR Jeollabukdo Office Of Education Research And Information Institute
KR	38692	JBES-AS-KR Jeollabukdo Office Of Education Research And Information Institute
AU	24434	JCU-AS-AP James Cook University
AU	45962	JCU-NET-AS-AP James Cook University
US	1648	JEFFERSON-PARISH-SCHOOL-BOARD
KR	7624	JEONJU-AS jeonju university
JP	17934	JGNV6 National Institute of Information and Communications Technology
AT	1205	JKU-LINZ-AS University Linz
KR	38681	JNEINET-AS-KR Jeollanamdo Educational Research Information Institute
IN	138155	JNU-DEL-AS-AP JAWAHARLAL NEHRU UNIVERSITY
KR	55621	JNUE-AS-KR Jeonju National University Of Education
US	31901	JOHNSON-COUNTY-LIBRARY
US	398829	JONESCOLLEGE
US	40204	JSU-EDU-NET
KR	9867	JTC-AS VISION College of Jeonju
HK	137207	JUCC-AS-AP Joint Universities Computer Centre Limited
BD	138904	JUST-AS-AP Jessore University of Science and Technology
KR	7564	KAERINET-AS Korea Atomic Energy Research Institute
JP	58647	KAGAWAU-AS Kagawa University
JP	55380	KAINS Kanazawa University
JP	18276	KAISER Kansai University
KR	1781	KAIST-DAEJEON-AS-KR Korea Advanced Institute of Science and Technology
KR	1704	KAIST-SEOUL-AS-KR Korea Advanced Institute of Science and Technology
JP	59091	KAIT-NWLAB Kanagawa Institute of Technology
JP	24264	KANAZAWA-IT Kanazawa Institute of Technology
KR	18034	KANGNUNG-AS-KR Kangnung National University
KR	9489	KARINET-AS Korea Aerospace Research Institute
KR	9521	KATECH-AS-KR Korea Automotive Technology Institute
KR	17867	KBINET-AS-KR KOREA BANKING INSTITUTE
KR	9975	KBISE-AS-KR Gyeongsangbuk-do Education Research Institute
KR	38696	KBRI-AS-KR Korea Brain Research Institute
KR	9637	KBSI-AS-KR Korea Basic Science Institute
KR	23586	KCUE-AS-KR Korean Council for University Education
JP	38635	KEIO-NET Keio University
KR	55598	KEITI-AS-KR Korea Environmental Technology Industry Institute
US	30198	KENT-SCHOOL-DISTRICT
KR	9711	KERINET-AS Kyonggi provin educational information research institute
US	21924	KERN-HIGH-SCHOOL-DISTRICT
KR	24026	KFE-AS-KR KOREA INSTITUTE OF FUSION ENERGY
KR	45397	KFPP-AS-KR KOREA FOUNDATION FOR THE PROMOTION OF PRIVATE SCHOOL
KR	10039	KHIDI-AS-KR Korea Health Industry Development Institute
KR	17870	KHU-AS-KR Kyung Hee University
KR	55591	KICE-AS-KR Korea Institute for Curriculum and Evaluation
PL	24848	KIELMAN-EDU-AS Kielce, POLAND
KR	131795	KIER-AS-KR KOREA INSTITUTE OF ENERGY RESEARCH
IN	137282	KIITIN-AS-AP KALINGA INSTITUTE OF INDUSTRIAL TECHNOLOGY
US	16394	KILLEEN-INDEPENDENT-SCHOOL-DISTRICT
KR	9568	KIMM-AS-KR KOREA INSTITUTE OF MACHINERY MATERIALS KIMM
AU	136912	KINGS-AS-AP THE COUNCIL OF THE KINGS SCHOOL
KR	17595	KINSNET-AS-KR Korea Institute of Nuclear Safety
KR	18336	KIOM-AS-KR Korea Institute of Oriental Medicine
KR	45963	KIRAMS-AS-KR KIRAMS Korea Institute of Radiological Medical Sciences
US	26946	KIRKWOOD-COMMUNTIY-COLLEGE
KR	10187	KISDI-AS-KR Korea Information Society Developement Institute
KR	17866	KISTNET-AS-KR Korea Institute of Science and Technology
DE	34878	KIT Karlsruhe Institute of Technology
KR	17861	KIT-AS-KR KyungNam College of Information Technology
DE	204680	KIT-STUDENT Karlsruhe Institute of Technology
KR	55589	KITECH-AS-KR Korea Institute of Industrial Technology
KR	9777	KJU-NET-AS-KR Gyeongju University
JP	59128	KMC Kyoto University Microcomputer Club
TH	9486	KMITL-AP King Mongkuts Institute of Technology Ladkrabang
TH	9533	KMITNB-AS-AP King Mongkuts Institute of Technology North Bangkok
KR	18023	KMU-AS-KR Korea Maritime and Ocean University
KR	23714	KMUCC-AS-KR Keimyung University
TH	9551	KMUTT-AP King Mongkuts University of Technology
KR	10073	KNOU-AS Korea National Open University
US	33477	KNOX-COLLEGE-1837
KR	10052	KNU-AS Kyungpook National University
KR	18038	KNUE-AS-KR Korea National University of Education
JP	55909	KOCHI-CT National Institute of Technology, Kochi College
JP	58652	KOCHI-U-NET Kochi University
TR	8363	KOCUNIV-AS Istanbul
JP	55904	KOGAKUIN-AS KOGAKUIN University
KR	38668	KONKUKHOSPITAL-AS-KR Konkuk University Hospital
KR	17856	KONYANG-AS-KR Konyang University
KR	18176	KOOKMIN-AS-KR KOOKMIN UNIVERSITY
KR	18325	KORCHRISTUNIV160-AS-KR Korea Christian University
KR	23552	KORNU-AS-KR Korea Nazarene University
PL	28678	KOSMAN-EDU-AS
KR	23668	KPU-AS-KR KOREA POLYTECHNIC UNIVERSITY
KR	38426	KREI-AS-KR KOREA RURAL ECONOMIC INSTITUTE
KR	2385	KRIBB-AS-KR KRIBBKorea Research Institute of Bioscience Biotechnology
ID	55680	KSI-UAJY-AS-ID Kantor Sistem Informasi Universitas Atma Jaya Yogyakarta
NP	132856	KU-AS-NP Kathmandu University
BD	132806	KUET-AS-AP Khulna University of Engineering & Technology
KR	17603	KUMOH-AS-KR Kum oh National University of Technology KNUT
KR	9452	KUNET-AS Korea University
KR	9954	KUNSAN-AS Kunsan National University KNU
JP	23615	KUSANAGI University of Shizuoka
KR	9970	KUT-AS Korea University of Technology and Education
KW	25242	KUWAIT-UNIVERSITY Computer Information Systems Kuwait University Kuwait
KR	10088	KWANGWOON-AS-KR KWANGWOON UNIVERSITY
KR	17862	KWNU-AS-KR Kangwon National University
KR	7621	KYONGGI-AS Kyonggi University
JP	24254	KYOTO-SU Kyoto Sangyo University
KR	55626	KYUNGIN-AS-KR Kyungin Womens college
KR	55611	KYUNGMIN-AS-KR kyungmin university
KR	9691	KYUNGSUNG-AS KYUNGSUNG UNIVERSITY
JP	2508	KYUSHU-U Kyushu University
US	395333	LACKAWANNA-COLLEGE
US	31999	LAKESUMTERSTATECOLLEGE
US	25709	LAMARUNIV
CA	25728	LAMBTON-COLLEGE
US	36228	LANCASTERBIBLECOLLEGE
US	62736	LANDMARK-COLLEGE
NG	327942	LANDMARK-UNIVERSITY
US	11159	LAPL-LAPUBLICLIBRARY
US	396833	LASELLCOLLEGE
RU	12724	LASERNET-AS LaserNet - research network of the Institutes of
AU	135893	LATROBEUNIVERSITY-AS-AP La Trobe University
IN	147239	LBSNAA-AS-IN Lal Bahadur Shastri National Academy of Administration LBSNAA
US	396470	LCC-EDU
US	30629	LCLARK
US	46094	LEE-COLLEGE
US	5101	LEECOUNTYSCHOOLS
US	30618	LEEUNIV
JP	38641	LEONET-AS Osaka Sangyo University
US	22247	LETOURNEAUUNIVERSITY
US	32995	LIBERTY-CHRISTIAN-SCHOOL-01
NZ	38319	LINCOLN-UNIVERSITY-NZ Lincoln University, Canterbury, New Zealand
US	399520	LINDENWOOD-UNIVERSITY
HK	7651	LINGNAN-AS-AP Lingnan University
US	16913	LOYNO-EDU
US	7968	LOYOLA-UNIV-CHICAGO
TH	131246	LRU-AS-AP LOEI university network ,LOEI, Thailand
PL	12324	LUBMAN-EDU-AS Poland, Lublin
US	32876	LYCOMING-COLLEGE
SE	2845	Lund University
SE	2846	Lund University
TH	4762	MAHIDOL-BORDER-AS Mahidol University, Thailand
RU	9206	MAI Moscow Aviation Institute MAI
JP	59096	MAIN Meiji Gakuin University
US	22970	MAINETECHCOLLEGESYS
US	23171	MANHATTAN-EDU
PH	58437	MAPUAEDU-PH 658 Muralla Street, Intramuros
US	26783	MARICOPA-COUNTY-COMMUNITY-COLLEGE-DISTRICT
TR	213309	MARMARA-EDU-NET
US	14200	MARSHALLUNIV
US	396406	MARYVILLE-UNIVERSITY-STL
KR	18324	MASANC-AS-KR Masan College
NZ	9433	MASSEY-AS Massey University
BD	138489	MBSTU-AS-AP Mawlana Bhashani Science and Technology University
TH	149503	MBU-AS-UNINET-AP Name: Mahamakut Buddhist University network.
US	13691	MCC-EDU
US	54556	MCCALLIE-SCHOOL
US	53862	MCDANIELCOLLEGE
US	395068	MCHENRYCOUNTYCOLLEGEASN
TH	135528	MCRU-AS-AP Muban Chombueng Rajabhat University
MN	55408	MCS-AS-AP Univision LLC
US	19899	MDC-EDU
TR	206887	MEDENIYET-EDU-NET
CA	11507	MEDICINEHATCOLLEGE-ASN
JP	131919	MEIJI-NET Meiji University
AU	136423	MELBGRAMM-AS Melbourne Grammar School
US	14048	MEMPHIS-EDU
EU	1967	METU-NET Middle East Technical University  Orta Dogu Teknik Universitesi
AU	138201	MGGS-AS-AP Melbourne Girls Grammar School
US	4511	MIAMI-EDU
US	22968	MIAMI-UNIVERSITY
US	40508	MID-AMERICA-NAZARENE-UNIVERSITY
US	14550	MIDDLEBURY-COLLEGE
US	6362	MIDLANDCOLLEGE-ASN
JP	24261	MIE-U Mie University
US	398813	MILLERSVILLE-UNIVERSITY
US	54654	MILLSCOLLEGE
US	13822	MILTON-ACADEMY
NZ	24318	MINEDU-AS-NZ-AP Ministry of Education
BR	61585	MINISTERIO DA SAUDE - INSTITUTO NACIONAL DE CANCER
PH	138956	MIRIAM-AS-AP Miriam College
MY	149179	MIS-AS-AP MontKiara International School
US	36279	MISERI-COLLEGE-1
US	33521	MISSOULA-COUNTY-PUBLIC-SCHOOLS
KR	38131	MMU-AS-KR Mokpo National Maritime University
KR	38697	MOK9882-AS-KR Hankyong National Univercity
KR	18164	MOKPO-AS-KR Mokpo University
KR	9523	MOKWON-AS-KR Mokwon University
AU	56132	MONASHUNI-AU-AS-AP Monash University
AU	38280	MONASHUNI-MY-AS-AP Monash University Sunway Campus Malaysia
US	26438	MONROE-COMMUNITY-COLLEGE
US	40102	MONTGOMERY-COLLEGE-AS1
AU	24092	MOORECOLLEGE-AS-AP Moore Theological College
US	33170	MORGAN-STATE-UNIVERSITY
CA	53403	MOUNT-ROYAL-COLLEGE
US	26638	MPLS-PUBLIC-SCHOOLS
TH	9562	MSU-TH-AP Mahasarakham University
JP	131946	MU-NET MUSASHINO UNIVERSITY E.F.
US	26699	MUHLENBERG-COLLEGE
US	32522	MULTNOMAH-ESD
BD	140957	MUMC-AS-AP Universal Multimedia Center
US	14760	MURRAY-STATE-UNIVERSITY
TH	55760	MUT-AS-AP Mahanakorn University Of Technology
TH	138685	MWSO-AS-AP Mahidol Wittayanusorn School
EG	328762	Mansoora-University
GH	328353	MethodistUniversity-AS
AT	1112	Montanuniversitaet Leoben
JP	131158	NAIST-AS Nara Institute of Science and Technology, National University Corporation
US	54924	NAROPA-UNIVERSITY-BOULDERMAIN
US	394169	NASSAU-COMMUNITY-COLLEGE
AU	4822	NATIONAL-LIBRARY-AU National Library of Australia
US	63130	NATIONAL-LOUIS-UNIVERSITY
BD	137706	NATIONAL-UNIVERSITY-AS-AP National University
US	26043	NATL-EDU
US	399193	NAVAJO-TECHNICAL-UNIVERSITY
US	26846	NAZARETH-COLLEGE
JP	2504	NCA5 Kyoto University
IN	23770	NCBS-IN Tata Institute of Fundamental Research
TW	38847	NCHU-AS-TW National Chung Hsing University
TW	9916	NCTU-TW National Chiao Tung University
TW	18420	NCU-TW National Central University
JP	23799	NDA National Defense Academy
TW	17711	NDHU-TW National Dong Hwa University
IL	25565	NETANYA-COLLEGE-AS
US	53750	NEUMANN-UNIVERSITY
US	397488	NEW-ALBANY-PLAIN-LOCAL-SCHOOLS-AS
US	63204	NEW-MEXICO-MILITARY-INSTITUTE
US	22303	NEWPALTZEDU
CN	133475	NEWYORKUNIVERSITY-AS-SHANGHAI New York University ASN
TW	18181	NHRINET National Health Research Institutes
CA	46641	NIAGARA-CATHOLIC-DISTRICT-SCHOOL-BOARD
CA	32250	NIAGARA-COLLEGE-ASN
JP	17687	NICE National University Corporation Nagoya University
JP	9355	NICT National Institute of Information and Communications Technology
SG	9247	NIE-SG National Institute of Education
KR	38682	NIERNET-AS-KR National Institute of Environmental Research
JP	9591	NIFS National Institute for Fusion Science
PK	18212	NIFT-AS-PK National Institutional Facilitation Technologies
JP	10014	NIHON-U Nihon University
IN	141507	NIMHANS-AS-IN National Institute Of Mental Health And Neurosciences
TH	140572	NIMT-AS-AP National Institute of Metrology Thailand
IN	55296	NIPFPNET-AS-AP NATIONAL INSTITUTE OF PUBLIC FINANCE AND POLICY
IN	141288	NISER-AS-IN National Institute Of Science Education And Research Bhubaneswar
TH	138353	NISTINTERNATIONALSCHOOL-AS-AP NIST INTERNATIONAL SCHOOL
IN	141478	NITC-AS-IN Director National Institute Of Technology Calicut
NZ	18378	NIWA-AS-AP National Institute of Water and Atmospheric Research Ltd
US	21669	NJ-STATEWIDE-LIBRARY-NETWORK
KR	10050	NL-AS-KR The National Library of Korea
SG	18402	NLB-AS-SG-AP NATIONAL LIBRARY BOARD
CN	9401	NLC-CN-AS National Library of China
AU	133091	NMIT-AS-AP NORTHERN MELBOURNE INSTITUTE OF TAFE
TH	9411	NONTRINET-AS-AP Kasetsart University, Thailand
US	19455	NORTH-KANSAS-CITY-SCHOOLS
CA	32817	NORTHERN-COLLEGE-ORION
US	33455	NORTHWESTERN-COLLEGE-STPAUL-MN
US	40956	NORTHWOOD-UNIVERSITY
CN	63580	NOVARTIS-CN China Novartis Institutes for Bio-Medical Research Co., Ltd.
JP	131903	NRI-IVPN Nomura Research Institute,Ltd.
IN	136692	NRIFT-AS Nomura Research Institute Financial Technologies India Pvt. Ltd
TH	55488	NRRU-AS-AP Nakorn Ratchasima Rajabhat University
AU	135892	NS-MGGS-AS-AP Mentone Girls Grammar School
RU	60835	NSOMED MIAC ensures functioning of medical institutions of the Novosibirsk region
TH	45847	NSTRU-AS-AP university network ,Nakornsitammarat, Thailand
KR	18027	NSU-AS-KR Namseoul university
TW	17713	NSYSU-TW National Sun Yat-sen University
TW	18047	NTHU-TW National Tsing-Hua University
TW	38844	NTNU-TW National Taiwan Normal University
SG	9419	NTU-AS-AP Nanyang Technological University
TW	17716	NTU-TW National Taiwan University
US	14128	NU-EDU
KR	9969	NUCH-AS-KR Korea National University of Cultural Heritage
US	5794	NWREGION-ESD
US	26255	OAKTONCOMMUNITYCOLLEGE
US	36368	OBERLIN-COLLEGE
JP	4730	ODINS Osaka University
CA	11628	OICR-ONTARIO-INSTITUTE-FOR-CANCER-RESEARCHB
JP	131895	OIST-NET Okinawa Institute of science and technology
PL	15798	OLMAN-EDU-AS OLMAN, Metropolitan Area Network educational AS
AU	136242	ONESCHOOL-AS-AP ONESCHOOL AUSTRALIA LTD
PL	21182	OPOLMAN-AS-EDU
NZ	38305	OTAGO-UNIVERSITY-AS-NZ-AP The University of Otago
HK	17764	OUHK-NON-HK-AP The Open University of Hong Kong
US	16922	OUHSC-EDU
JP	18124	OUS-NET Okayama University of Science
KR	9982	PAICHAI-AS PAICHAI UNIVERSITY
NG	327843	PAN-ATLANTIC-UNIVERSITY
TH	24497	PANJANAVIT-SCHOOL-AS-TH-AP Panjanavit School is KinderGarten and Primary School
US	398162	PANOLA-COLLEGE
US	397289	PARKER-UNIVERSITY
US	400216	PARKWAY-SCHOOL-DISTRICT
TR	212167	PAU-EDU-AS
TH	131221	PBRU-AS-AP Petchaburi Rajabhat University
US	54485	PCOM-EDU
US	30682	PEARSON-ECOLLEGE
CN	139742	PEDDIE-AS-AP Peddie Institute Co., Ltd
DE	39380	PEI Paul-Ehrlich-Institut
KR	9706	PETISNET-AS Busan Institute for Future Education
US	11534	PHILA-SCHOOL-DISTRICT
US	36145	PHILLIPS-ACADEMY
US	6652	PIMA-COLLEGE
KR	9708	PKNU-AS Pukyong National University
PL	8326	PL-BYDMAN-EDU Educational Users
AU	137400	PLCS-AS-AP Presbyterian Ladies College Sydney
TH	137198	PNRU-AS-AP Phranakorn Rajabhat University
TH	132250	PNU-AS Princess of Naradhiwas University
US	39999	POLK-COUNTY-PUBLIC-SCHOOLS
US	55260	POLK-SCHOOL-DISTRICT
BR	28623	PONTIFICIA UNIVERSID CATOLICA DO RIO GRANDE DO SUL
US	396027	PORTAGEPUBLICSCHOOLS
KR	3784	POSTECH-AS-KR Pohang University of Science and Technology
US	54060	POUDRESCHOOLDISTRICT
IN	140601	POWERSCHOOL-AS-AP POWERSCHOOL INDIA PRIVATE LIMITED
US	397756	POWERSCHOOL-FOLSOM
PL	9112	POZMAN POZMAN-EDU
ID	45705	PPTIK-UGM-AS-ID Universitas Gadjah Mada
US	399856	PRATTINSTITUTE-1
US	40159	PRINCETON-REGIONAL-SCHOOLS
US	46334	PRINCEWILLIAMCOSCHOOLS
KR	9851	PRO-AS-KR KOREA UNIVERSITY OF MEDIA ARTS
US	1287	PROFESSIONAL-EDUCATION-INSTITUTE
TH	137241	PSRU-AS-AP PibulSongkramRajabhat University
BD	138587	PSTU-AS-AP Patuakhali Science and Technology University
TH	9464	PSU-TH-AS-AP Prince of Songkla University SritrangNET
IN	140200	PUCHDACI-AS Panjab University
KR	9635	PUFS-AS Pusan University of Foreign Studies
PL	39909	PULMAN-EDU-AS PULMAN Autonomous System - EDU
US	17	PURDUE
US	397511	PURDUE-RESEARCH
US	17051	PURDUEPHARMA
KR	9274	PUSAN-AS-KR Pusan National University
ID	55674	PUSKOM-UNY-AS-ID Universitas Negeri Yogyakarta
BD	134383	PUST-AS-AP Pabna University of Science and Technology
US	4514	PVSCHOOLS-ASN-01
AU	140639	PYMBLELADIES-NON-AS-AP Pymble Ladies College
FI	41666	PYRO-AS Institute for Pyrotechnical Cleaning
DO	262178	Pontificia Universidad Catolica Madre y Maestra PUCMM
CL	20191	Pontificia Universidad Catolica de Chile
GH	328662	Presbyterian-University
US	398580	QUEENS-UNIV-CLT-01
US	394688	QUINNIPIAC-UNIVERSITY
QA	198499	QUNIV
US	13783	RADFORD-UNIV-AS
JP	17960	RAINS-AS University of the Ryukyus
US	18794	RAMAPO-COLLEGE
RU	3058	RAS-AS Joint SuperComputer Center of the Russian Academy of Sciences
AU	142613	RBCC-AS-AP Red Bend Catholic College
AU	137864	RCPA-AS-AP Royal College of Pathologists of Australasia
AU	55813	RCSWA-AU The Rural Clinical School of Western Australia Head Office
CA	26037	RED-DEER-COLLEGE
US	397604	RFSUNY
JP	18128	RIKEN RIKENPhysical and Chemical Research Institute
JP	45685	RIKKYO-U Rikkyo Gakuin Rikkyo University
JP	58784	RIS Rissho University
TH	9903	RIT-AS-AP Rajamangala Institute of Technology
JP	23807	RITSUMEI Ritsumeikan University
AU	134115	RIVERVIEW-AS-AP THE TRUSTEES OF THE JESUIT FATHERS - ST IGNATIUS COLLEGE RIVERVIEW
TH	132879	RMU-AS-AP Rajabhat Mahasarakham University
US	23102	RMU-EDU
TH	37932	RMUTI-AS-AP Rajamangala University of Technology Isan
TH	136737	RMUTK-AS-AP Rajamangala University of Technology Krungtep
TH	135141	RMUTL-AS-AP Rajamangala University of Technology Lanna
TH	133919	RMUTP-AS-AP University campus network, Rajamangala University of Technology Phra Nakhon
TH	132482	RMUTR-AS-AP Rajamangala University of Technology Rattanakosin
TH	132866	RMUTSB-AS Rajamangala University of Technology Suvarnabhumi under UniNet Network
TH	45575	RMUTSV-AS-AP Rajamangala University of Technology Srivijaya
TH	137546	RMUTT-EN-AS-AP Faculty of EngineeringRajamangala University of
US	394533	ROANOKECOLLEGE
TR	31704	ROBERTCOLLEGE-AS
US	19119	ROLLINSCOLLEGE
US	33523	ROWANUNIVERSITY
TH	138003	RPCA-AS-AP Royal Police Cadet Academy
IN	136005	RRI-AS-AP RAMAN RESEARCH INSTITUTE
BD	136004	RU-AC-AS-AP University of Rajshahi
BD	138462	RUET-AS-AP Rajshahi University of Engineering & Technology RUET
VN	131396	RUVN-AS-VN Rmit International University Vietnam
CA	26996	RYERSON-UNIVERSITY
CL	11340	Red Universitaria Nacional
AR	4270	Red de Interconexion Universitaria
ZA	37520	Rhodes-Univ
TR	12908	SABANCIUNIV
AU	141402	SAC-AS-AP St Augustines College-Sydney
US	54973	SACREDHEARTUNIVERSITY
AU	132320	SAHMRI-AS-AP South Australian Health and Medical Research Institute Ltd
KR	17843	SAHMYOOK-AS-KR Sahmyook University
JP	24268	SAINS National University Corporation Shizuoka University
US	394961	SAINT-ANSELM-COLLEGE
US	1777	SAINT-XAVIER-UNIVERSITY-CHICAGO
US	46729	SAINTLEOUNIVERSITY
US	36660	SAMUEL-MERRITT-UNIVERSITY
KR	18031	SANGMYUNG-AS-KR Sangmyung University
US	62669	SANS-INSTITUTE
TH	140660	SATITPATTANA-AS-AP Satit Pattana School
IN	132995	SAU-AS South Asian University
CA	32762	SAULT-COLLEGE-ASN
US	46356	SBUEDU
US	30562	SCARSDALE-SCHOOLS
US	4310	SCC-FL-EDU
SG	132398	SCEI-AS-AP Science and Engineering Institutes
KR	38105	SCH-AS-KR SOON CHUN HYANG UNIVERSITY
US	36396	SCHOOLCRAFTCOLLEGE
US	14252	SCHOOLSPECIALTY
NZ	38140	SCION-AS-NZ-AP NZ Forest Research Institute Ltd
AU	138477	SCOTCHCOLLEGE-AS-AP Scotch College
AU	140623	SCOTSCOLLEGE-AS-AP The Scots College
KR	2563	SCU-AS-KR Seoul Christain University
US	11607	SD-STATE-UNIVERSITY
TH	135012	SDU-AS-AP Suan Dusit University
US	54032	SEATTLEPACIFICUNIV
JP	17701	SEINAN Seinan Gakuin University
JP	18123	SEIRYO INAOKI EDUCATIONAL INSTITUTION
KR	9769	SEJONG-AS Sejong University
KR	55632	SEJONG-AS-KR Hansol High School
CA	10265	SENECACOLLEGE-AS
KR	23569	SEOJEONG-AS-KR SEOJEONG COLLEGE
US	27604	SETONHILLUNIVERSITY
US	399434	SFCC-EDU
IL	59648	SHAAREI-MISHPAT-COLLEGE
IR	204813	SHAHREKORD_UNIVERSITY
IR	12660	SHARIF-EDU-NET
US	19923	SHENANDOAH-UNIV
US	398663	SHIPPENSBURG-UNIVERSITY-01
IR	59962	SHIRAZUNIVERSITY_ASN
JP	9991	SHUDO-U Hiroshima Shudo University
US	46379	SIENA-COLLEGE
KR	17609	SILLAUNIVERSITY-AS-KR Silla Univ
PL	8508	SILWEB-AS-EDU SILWEB Autonomous System - Academic
US	19345	SIMONS-ROCK-EDU-ASN01
JP	2907	SINET-AS Research Organization of Information and Systems, National Institute of Informatics
IN	133313	SINP-AS Saha Institute of Nuclear Physics
SG	131475	SIT-AS-AP Singapore Institute of Technology
NZ	55747	SIT-AS-AP Southern Institute of Technology
JP	55910	SITNET-AS Shibaura Institute of Technology
KR	9686	SKKUNET-AS SungKyunKwan University SKKU
AU	7637	SLVTSD-AS-AP State Library Of Victoria
KR	18329	SMUC-AS-KR Sangmyung University
TH	9546	SNAKER-AS-AP Ministry of University Affairs
TH	136624	SNRU-AS-AP Sakon Nakhon Rajabhat University
IN	132785	SNU-AS Shiv Nadar University
KR	9488	SNU-AS-KR Seoul National University
KR	18323	SNUBH-AS-KR Seoul National University Bundang Hospital
KR	10156	SNUE-AS-KR Seoul National University of Education
KR	3813	SOGANG-AS-KR Sogang University
US	17364	SOKA-UNIVERSITY-OF-AMERICA
JP	59104	SOKAU-AS Soka University
KR	18315	SORABOLNET-AS-KR Sorabol College
HK	134795	SOUTHASIAUNIVERSAL-AS-AP South Asia Universal Limited
US	15119	SOUTHERN-ILLINOIS-UNIVERSITY
US	394031	SOUTHSUBURBANCOLLEGEOFCOOKCOUNTY
US	14351	SOUTHWESTERN-EDU
AU	149305	SPGS-AS-AP St Pauls Grammar School Penrith Limited
TH	46079	SPU-AS-AP Sripatum Univeristy is one university in Thailand in Bangkok
IN	142493	SRIHER-AS Sri Ramachandra Institute Of Higher Education And Research
TH	131257	SRU-AS-AP Suratthani ratjabhat university, Thailand
US	62718	SSDCOUGARSNET-SPRINGFIELD-SCHOOL-DISTRICT-DELCO
TH	38265	SSKRU-AS-AP Sisaket Rajabhat University
US	55133	ST-CROIX-CENTRAL-SCHOOL-DISTRICT
US	39943	ST-FRANCIS-COLLEGE
US	63071	STAFFORDCOUNTYPUBLICSCHOOLS
AU	18064	STANLEYCOLLEGE-AU 69 Outram St
AU	17807	STATE-LIBRARY-QUEESLAND-AS-AP State Library of Queensland
AU	132868	STATELIBRARYNSW-AS-AP State Library of NSW
US	36701	STETSON-UNIVERSITY
CA	40007	STFX-UNIVERSITY
US	2041	STNORBERTCOLLEGE
TH	17827	STOU-AS-TH Sukhothai Thammathirat Open University
AU	137429	STUARTHOLMESCHOOL-AS-AP Stuartholme School
US	395710	STUDENTUNIVERSE-
US	63177	STUDENTUNIVERSE-
TH	10227	SUANDUSIT Institute Rajabhat Suandusit
KR	9962	SUNCHON-AS Sunchon National University
EU	1653	SUNET SUNET Swedish University Network
KR	45363	SUNMOON-AS-KR SunMoon University
US	399697	SUNY-BROCKPORT
US	395871	SUNY-COLLEGE-AT-PLATTSBURGH
US	27219	SUNY-CORTLAND
US	33004	SUNY-ESC
US	395015	SUNY-FREDONIA
US	398086	SUNY-MORRISVILLE
US	62810	SUNY-ONEONTA
US	54226	SUNY-OPTOMETRY
US	14433	SUNY-OSWEGO-ASN
US	398756	SUNYBROOME-AS
US	55282	SUNYCANTON-AS
US	1204	SUNYNET-ASN-AS
US	398914	SUNYOW
US	20337	SUNYPOLY-ASN
US	5719	SUNYSB
US	22479	SUNYWCC
BD	133168	SUOSAT-AS-AP Shahjalal University of Science and Technology
US	394170	SUSQUEHANNA-UNIVERSITY
TH	55545	SUT-AS-AP Suranaree University of Technology
AU	58686	SUT-AS-AP Swinburne University of Technology
US	13953	SVCC-EDU
IN	135835	SVPNPAHY-AS Sardar Vallabhbhai Patel National Police Academy
US	19138	SWEET-BRIAR-COLLEGE
US	46492	SWMICH-EDU-AS-01
KR	18335	SWU-NET-AS-KR Seoul Women University
CN	139139	SYAUNET Shenyang Agricultural University
AU	23965	SYDCS-AS-AP Sydney Catholic Schools
BD	149490	SYLHET-AS-AP Sylhet Agricultural University
US	395534	SYRACUSE-CITY-SCHOOL-DISTRICT-10
US	11872	SYRACUSE-UNIVERSITY
RU	197467	Samara University
BR	270348	Sidia Instituto de Ciencia e Tecnologia
PA	27922	Smithsonian Tropical Research Institute
KE	328225	Strathmore-University
KR	18343	TAEGUTECH-AS-KR Daegu Technical College
JP	131981	TAKUSHOKUNET Takushoku University
PL	5550	TASK-AS Gdansk University of Technology
JP	18091	TEIKYO-U Teikyo University
JP	24287	TEIN2-JP National Institute of Informatics
US	395229	TEMPLE-COLLEGE-TX
US	395770	TEXARKANACOLLEGE
US	18777	TEXAS-STATE-UNIVERSITY
US	26633	TEXAS-WOMANS-UNIVERSITY
AU	140041	TGC-AS-AP The Geelong College
AU	138390	TGSNSW-NON-AS-AP Trinity Grammar School
JP	58785	TGU-NET Tohoku Gakuin University
TH	37992	THAMMASAT-BORDER-AS Thammasat University in thailand
BY	50686	THE-ACADEMYS-OF-PUBLIC-ADMINISTRATION-AS
US	32366	THE-BROOKINGS-INSTITUTION-AS1
US	395619	THE-COLLEGE-OF-THE-FLORIDA-KEYS
US	30054	THE-COLLEGE-OF-WESTCHESTER
US	393531	THE-HOCKADAY-SCHOOL
US	40177	THE-INSTITUTES
CA	395156	THE-KINGS-UNIVERSITY
CA	11851	THE-MICHENER-INSTITUTE-OF-EDUCATION-AT-UHN
US	394700	THE-SCHOOL-DISTRICT-OF-PALM-BEACH-COUNTY
US	26385	THE-UNIVERSITY-OF-VERMONT-MEDICAL-CENTER-1
US	54435	THE-WESTMINSTER-SCHOOLS
IN	132524	TIFR-AS Tata Institute of Fundamental Research
IN	58758	TIFR-AS Tata Institute of Fundamental Research
IN	134322	TIFR-AS-IN Tata Institute of Fundamental Research
TH	138427	TINT-AS-AP Thailand Institute of Nuclear Technology Public Organization
IN	133273	TISS-AS Tata Institute of Social Sciences
JP	9367	TITECH Tokyo Institute of Technology
KR	10045	TNUTNET-AS Hanbat National University
NZ	55524	TOI-AS-AP Toi Ohomai Institute of Technology
US	40732	TOLEDO-PUBLIC-SCHOOLS
IT	209631	TOPIX4SCHOOLS AS-SET for TOPIX4Schools is AS209631:AS-SET
US	394395	TOWSON-UNIVERSITY
JP	23781	TOYAMA-AN-AS Toyama University
JP	18087	TOYO Toyo University
AU	141989	TRACOGPL-AS-AP The Royal Australian College of General Practitioners Limited
CA	32638	TRENT-UNIVERSITY
IN	45854	TRIMAXITINFRA-IN 2nd Floor, Universal Building Mill Compound
US	19342	TRINITY-UNIVERSITY
US	53701	TRINITY-WASHINGTON-UNIVERSITY
ID	58479	TRISAKTI-AS-ID Trisakti University
US	395211	TROY-AREA-SCHOOL-DISTRICT
US	8135	TROY-UNIVERSITY
US	53421	TROYOHIO-TROYSCHOOLS
US	393750	TRUMAN-STATE-UNIVERSITY
RU	34479	TSC-AS High Current Electronics Institute
AU	137073	TTOTSGS-AS-AP THE TRUSTEES OF THE SYDNEY GRAMMAR SCHOOL
US	32501	TUCSON-UNIFIED-SCHOOL-DISTRICT-1
US	13326	TUFTS-UNIVERSITY
AT	1113	TUGNET Technische Universitaet Graz
US	395149	TUIUNIVS
US	11897	TULSA-COMMUNITY-COLLEGE
RU	21143	TULSUISP an Autonomous System for Tula State University located in Tula, Russia.
AT	679	TUNET-AS Technische Universitaet Wien
MY	139815	TUSB-AS-AP Taylors University Sdn Bhd
JP	55390	TUSNET Tokyo University of Science
EU	1739	TUTNET TUT Autonomous System Tampere University of Technology Information Management P.O.Box 527 FIN-33101 Tampere FI
BG	47174	TUVARNA-AS Technical University of Varna
GT	269964	TV CABLE UNIVERSAL S.A
AU	24570	TYROPAYMENTS-AS-AU TYRO PAYMENTS LIMITED, Specialist Credit Card Institution
TT	28067	The University of the West IndiesSt Augustine Camp
GH	328212	The-University-Of-Cape-Coast-AS
JP	55912	U-KOCHI University of Kochi
HK	141356	UAL-AS-AP Universe Action Limited
ID	45697	UBAYA-AS-ID Universitas Surabaya
ID	45319	UBHARA-AS-ID Universitas Bhayangkara
TH	138547	UBRU-AS-UNINET Ubon Ratchathani Rajabhat University
TH	132514	UBU-AS-AP Ubon Ratchathani University
US	393216	UCC-EDU-AS
US	396425	UCCS-UNIVERSITY-OF-COLORADO-COLORADO-SPRINGS
AU	135898	UCGL-AS-AP Universal Communications Group Limited
US	52	UCLA
NZ	55516	UCOL-AS-AP Universal College of Learning
US	6106	UCR-EDU
CN	55973	UCSNETCN Universal Cinema Services Co., Ltd
MM	138933	UCSY-AS-AP University of Computer Studies, Yangon
PF	139263	UDLPF-AS-AP Universite de la Polynesie Francaise
BD	137186	UFCN-AS-AP Universal Friends Communication Network
BR	52853	UFLA - UNIVERSIDADE FEDERAL DE LAVRAS
ID	55695	UIN-AS-ID Universitas Islam Negeri Sunan Kalijaga Yogyakarta
MY	24020	UITM-AS-AP University ITM, Shah Alam, Selangor Malaysia
BD	134790	UIU-AS-AP United International University
MY	135496	UKM-AS-AP UNIVERSITI KEBANGSAAN MALAYSIA
PL	44959	UKSW-AS Cardinal Stefan Wyszynski University
US	23162	UKYEDU
MY	132688	UM-AS-AP University of Malaya
ID	46059	UM-AS-ID Universitas Negeri Malang
MO	7582	UMAC-AS-AP University of Macau
JP	131936	UMGJP-NET UNIVERSAL MUSIC LLC
MY	137005	UMK-AS-AP Universiti Malaysia Kelantan
ID	46057	UMM-AS-ID Universitas Muhammadiyah Malang
ID	55691	UMN-AS-ID Universitas Multimedia Nusantara
MY	134107	UMP-AS-AP University Malaysia Pahang
MY	132874	UMS-AS-AP Universiti Malaysia Sabah
MY	59263	UMT-AS Universiti Malaysia Terengganu
ID	38142	UNAIR-AS-ID Universitas Airlangga
ID	46049	UNDIP-AS-ID Universitas Diponegoro
AU	24101	UNE-AS-AP University of New England
AT	1109	UNI-SALZBURG University of Salzburg
LT	5479	UNI-VILNIUS University Network in Vilnius
ID	46019	UNIBRAW-AS-ID Universitas Brawijaya
BR	270492	UNIFAI - Centro Universitario de Adamantina
ID	56237	UNILA-AS-ID Universitas Lampung
MY	55856	UNIMAS-MY Universiti Malaysia Sarawak
AU	10148	UNIMELB-AS-AP The University of Melbourne, Melbourne, Victoria
TH	137850	UNINET-AS-MFU Mae Fah Luang University
TH	141714	UNINET-AS-NPRU-AP Nakhon Pathom Rajabhat University
TH	135129	UNINET-AS-RMUTTO-BP Rajamangala University of Technology Tawan-okBangpra Campus
TH	135588	UNINET-AS-RMUTTO-CPC Rajamangala University of Technology Tawan-ok Chakrabongse Bhuvanarth Campus
TH	140075	UNINET-AS-RRU Roi et Rajabhat University
TH	147312	UNINET-AS-SKRU Songkhla Rajabhat University Network.
TH	140618	UNINET-AS-SU-AP Silpakorn University
TH	139753	UNINET-AS-VRU-AP Valaya Alongkorn Rajabhat University Under The Royal Patronage
NO	224	UNINETT UNINETT, The Norwegian University & Research Network
US	19846	UNION-COLLEGE
MY	24090	UNISAINS-AS-AP Universiti Sains Malaysia USM
MY	137397	UNISEL-AS-AP Universiti Selangor
ID	58492	UNISSULA-AS-ID Universitas Islam Sultan Agung
KR	45379	UNIST-AS-KR Ulsan National Institute of Science and Technology
MY	133408	UNITEN-AS-AP UNIVERSITI TENAGA NASIONAL SDN BHD
US	1706	UNIV-ARIZ
TZ	22354	UNIV-DAR
NG	37405	UNIV-NG-NSUKKA
US	25776	UNIV-OF-OKLAHOMA
US	393408	UNIV-PORTLAND
RO	25326	UNIVCB-AS Str. Calea Bascovului, Nr. 2A
US	7939	UNIVCENTFLA
ME	40981	UNIVCG
US	14753	UNIVE-80
GH	37263	UNIVEDU
DO	272055	UNIVEGACOMU DEL CARIBE SRL
BJ	328138	UNIVERCELL-AS
MY	133169	UNIVERISITYMALAYSIAPERLIS-AS-AP University Malaysia Perlis
US	57833	UNIVERSAL
AR	267786	UNIVERSAL VIDEO CABLE SRL
US	40725	UNIVERSAL-CONNECTIVITY-BGP
CH	34615	UNIVERSAL-EXPORTS
US	62680	UNIVERSAL-INFO
US	22109	UNIVERSAL-INSURANCE
UA	56543	UNIVERSAL-TELECOM-AS
UA	42112	UNIVERSALBANK-AS
ID	55670	UNIVERSALNET-AS-ID PT. Universal Broadband
ES	56822	UNIVERSALTELECOM
AR	264815	UNIVERSIDAD ARGENTINA DE LA EMPRESA
MX	28477	UNIVERSIDAD AUTONOMA DEL ESTADO DE MORELOS
SV	265811	UNIVERSIDAD CAPITAN GENERAL GERARDO BARRIOS
BO	61475	UNIVERSIDAD CATOLICA BOLIVIANA SAN PABLO
EC	269790	UNIVERSIDAD CATOLICA DE CUENCA
HN	264655	UNIVERSIDAD CATOLICA DE HONDURAS
AR	264727	UNIVERSIDAD CATOLICA DE SALTA
CL	264664	UNIVERSIDAD CATOLICA DEL MAULE
SV	61502	UNIVERSIDAD CENTROAMERICANA JOSE SIMEON CANAS
SV	264720	UNIVERSIDAD DE EL SALVADOR
CO	262245	UNIVERSIDAD DE LA SABANA
EC	269825	UNIVERSIDAD DE LAS AMERICAS
EC	270074	UNIVERSIDAD DE LAS ARTES
SV	267860	UNIVERSIDAD DE ORIENTE
CO	266737	UNIVERSIDAD DEL CAUCA
CO	267893	UNIVERSIDAD DEL MAGDALENA
CO	269972	UNIVERSIDAD DEL QUINDIO
CO	11237	UNIVERSIDAD EAFIT
MX	28457	UNIVERSIDAD LATINOAMERICANA, S.C.
CO	269999	UNIVERSIDAD MARIANA
BO	27828	UNIVERSIDAD MAYOR DE SAN ANDRES
CO	266848	UNIVERSIDAD MILITAR NUEVA GRANADA
CR	267692	UNIVERSIDAD NACIONAL
HN	263690	UNIVERSIDAD NACIONAL AUTONOMA DE HONDURAS
AR	265700	UNIVERSIDAD NACIONAL DE LA PATAGONIA AUSTRAL
AR	264785	UNIVERSIDAD NACIONAL DE LANUS
AR	28107	UNIVERSIDAD NACIONAL DE SAN JUAN
AR	52378	UNIVERSIDAD NACIONAL DE VILLA MARIA
AR	61496	UNIVERSIDAD NACIONAL DEL CENTRO DE LA PROVINCIA DE BUENOS AIRES
EC	269844	UNIVERSIDAD NACIONAL DEL CHIMBORAZO
EC	269848	UNIVERSIDAD REGIONAL AMAZONICA IKIAM
BO	263709	UNIVERSIDAD SAN FRANCISCO XAVIER DE CHUQUISACA
CL	263214	UNIVERSIDAD SANTO TOMAS
CO	264718	UNIVERSIDAD SIMON BOLIVAR
EC	271821	UNIVERSIDAD TECNICA DEL NORTE
HN	27912	UNIVERSIDAD TECNOLOGICA CENTROAMERICANA
EC	269792	UNIVERSIDAD TECNOLOGICA INDOAMERICA
AR	264650	UNIVERSIDAD TECNOLOGICA NACIONAL - FACULTAD REGIONAL CORDOBA
CR	267740	UNIVERSIDAD U LATINA SRL
CL	27856	UNIVERSIDAD UNIACC
EC	52343	UNIVERSIDAD UTE
PR	54848	UNIVERSIDAD-CENTRAL-DEL-CARIBE-
BR	263417	UNIVERSIDADE CATOLICA DOM BOSCO
BR	28571	UNIVERSIDADE DE SAO PAULO
BR	28601	UNIVERSIDADE DO ESTADO DE SANTA CATARINA
BR	53187	UNIVERSIDADE ESTADUAL DE CAMPINAS
BR	28193	UNIVERSIDADE ESTADUAL DE LONDRINA
BR	53046	UNIVERSIDADE ESTADUAL DE PONTA GROSSA
BR	267630	UNIVERSIDADE ESTADUAL DO MARANHAO
BR	264471	UNIVERSIDADE ESTADUAL DO OESTE DO PARANA
BR	53166	UNIVERSIDADE ESTADUAL PAULISTA
BR	53164	UNIVERSIDADE FEDERAL DA BAHIA
BR	263610	UNIVERSIDADE FEDERAL DA FRONTEIRA SUL - UFFS
BR	271354	UNIVERSIDADE FEDERAL DE MINAS GERAIS
BR	61576	UNIVERSIDADE FEDERAL DE MINAS GERAIS
BR	268118	UNIVERSIDADE FEDERAL DE SANTA MARIA
BR	52888	UNIVERSIDADE FEDERAL DE SAO CARLOS
BR	52992	UNIVERSIDADE FEDERAL DE SAO PAULO
BR	271640	UNIVERSIDADE FEDERAL DE VICOSA
BR	270693	UNIVERSIDADE FEDERAL DO PIAUI
BR	262857	UNIVERSIDADE FEDERAL DO RIO GRANDE DO NORTE
BR	61841	UNIVERSIDADE SEVERINO SOMBRA
CA	36786	UNIVERSITE-LAVAL
MY	140092	UNIVERSITI2-AS-AP UNIVERSITI TEKNIKAL MARA SDN. BHD.
MY	138504	UNIVERSITIPERTAHANANNASIONALMALAYSIAUPNM-AS-AP Universiti Pertahanan Nasional Malaysia
IE	2850	UNIVERSITY-COLLEGE-DUBLIN
GU	395400	UNIVERSITY-GUAM
CA	11257	UNIVERSITY-LETHBRIDGE
US	1826	UNIVERSITY-OF-ARKANSAS-FORT-SMITH
US	22323	UNIVERSITY-OF-CALIFORNIA-MERCED
US	62671	UNIVERSITY-OF-COLORADO-SYSTEM
US	7276	UNIVERSITY-OF-HOUSTON
US	23030	UNIVERSITY-OF-HOUSTON---DOWNTOWN
US	397644	UNIVERSITY-OF-MARY-WASHINGTON
US	26934	UNIVERSITY-OF-MISSOURI---COLUMBIA
US	46832	UNIVERSITY-OF-MISSOURI-SYSTEM-INTER-CAMPUS-NETWORK
US	394858	UNIVERSITY-OF-NEW-HAVEN
US	11214	UNIVERSITY-OF-NORTH-FLORIDA
US	55113	UNIVERSITY-OF-REDLANDS
ZW	327863	UNIVERSITY-OF-ZIMBABWE
BD	135524	UNIVERSITYOFDHAKA-AS-AP university of dhaka
CA	22686	UNIVERSITYOFWINNIPEG-ASN
BR	265423	UNIVERSO INTERNET LTDA - ME
BR	266498	UNIVERSO TECNOLOGIA LTDA-ME
RU	48822	UNIVERSUMNET-AS
UA	39695	UNIVEST-MARKETING
US	6360	UNIVHAWAII
US	13511	UNIVI-2-ASN
AT	760	UNIVIE University of Vienna, Austria
JP	37914	UNIVNET Advanced Software Technology and Management Research Institute of KYOTO
US	11699	UNIVOIP
RU	13185	UNIVOREL
RU	201778	UNIVOREL
ID	58475	UNLAM-AS-ID Universitas Lambung Mangkurat
MY	45810	UNMC-MY University of Nottingham, Malaysia Campus
ID	58400	UNNES-AS-ID Universitas Negeri Semarang
ID	46044	UNPAD-AS-ID Universitas Padjadjaran
ID	56254	UNRI-AS-ID UNIVERSITAS RIAU
ID	55684	UNS-AS-ID Universitas Sebelas Maret
AU	23859	UNSW-AS-AP University of New South Wales
ID	63510	UNSYIAH-AS-ID Syiah Kuala University Unsyiah
ID	55687	UNTAN-AS-ID Universitas Tanjungpura
ID	58375	UNUD-AS-ID Universitas Udayana
KR	9978	UOS-AS The University of Seoul
KR	55618	UOU-AS-KR UNIVERSITY OF ULSAN
PH	135162	UP-ITDC-NET eUP-University of the Philippines System
PH	132796	UPB-AS-AP University of the Philippines Baguio Campus
PH	131245	UPD-COE-AS-AP University of the Philippines
US	55	UPENN
ID	38153	UPH-AS-ID Universitas Pelita Harapan
ID	18394	UPI-AS-ID Universitas Pendidikan Indonesia
PH	45209	UPLB-AS-AP University of the Philippines, Los Banos Campus
MY	38868	UPM-AS-AP Universiti Putra Malaysia AS
PH	45600	UPM-AS-AP University of the Philippines, Manila
US	19537	UPPER-ARLINGTON-SCHOOLS-OH
MY	24314	UPSI-AS-AP University Pendidikan Sultan Idris
PH	131281	UPV-AS-AP University of the Philippines, Visayas Cebu Campus
PH	132795	UPV-ILOILO-AS-AP University of the Philippines Visayas, Iloilo Campus
PH	132792	UPV-MIAGAO-AS-AP University of the Philippines Visayas, Miagao
AU	24436	UQ-AS-AP University of Queensland
US	25778	URBAN-INSTITUTE
VE	27872	URBE - Universidad Dr. Rafael Belloso
PH	17445	URC-AS-AP Universal Robina Corporation
TH	132701	URU-AS Uttaradit Rajabhat University
US	49	US-NATIONAL-INSTITUTE-OF-STANDARDS-AND-TECHNOLOGY
RU	8480	USATU-AS Ufa State Aviation Technical University
US	27609	USC-UNIVERSITY-HOSPITAL
ID	55672	USD-AS-ID Universitas Sanata Dharma
MY	132694	USIM-AS-AP Universiti Sains Islam Malaysia
FJ	24390	USP-AS-AP The University of the South Pacific
AU	45213	USQNET-AS-AP University of Southern Queensland
ID	55697	USU-AS-ID Universitas Sumatera Utara
US	26046	USU-EDU
AU	23719	USYD-AS-AP University of Sydney
ID	45293	UT-AS-ID Universitas Terbuka
JP	45688	UT-NSRG The University of Tokyo Interfaculty Initiative in Information Studies
AU	7573	UTAS The University of Tasmania
TH	58806	UTCC-TH The University of Thai Chamber of Commerce
MY	134722	UTEM-AS-AP Universiti Teknikal Malaysia Melaka
MY	132494	UTHM-AS-AP Universiti Tun Hussein Onn Malaysia
US	26808	UTICA-COLLEGE
JP	37917	UTINS University of Tsukuba
MY	133014	UTM-AS-AP Universiti Teknologi Malaysia
JP	2501	UTNET The University of Tokyo
NL	1133	UTWENTE-AS University Twente
EU	1124	UVA-NL Universiteit van Amsterdam
US	1351	UVM-EDU-AS
AU	24437	UWA-AS-AP University of Western Australia
US	46103	UWW-EDU-ASN
BR	26609	Universal Telecom S.A.
BF	328215	Universal-Communication-AS
DO	262148	Universidad APEC
MX	2904	Universidad Autonoma De Ciudad Juarez
MX	7325	Universidad Autonoma De Tamaulipas
MX	3596	Universidad Autonoma Metropolitana
MX	28417	Universidad Autonoma de Chiapas
MX	28519	Universidad Autonoma de Guadalajara, A.C.
MX	5708	Universidad Autonoma de Guerrero
MX	28390	Universidad Autonoma de Nayarit
MX	3454	Universidad Autonoma de Nuevo Leon
MX	263134	Universidad Autonoma de Queretaro
MX	22122	Universidad Autonoma de Yucatan
MX	16596	Universidad Autonoma del Estado de Baja California
MX	28526	Universidad Autonoma del Estado de Mexico
VE	7965	Universidad Catolica Andres Bello
CO	264653	Universidad Catolica de Oriente
CL	16742	Universidad Catolica de Valparaiso
VE	19192	Universidad Central de Venezuela
SV	264662	Universidad Don Bosco
CO	28039	Universidad EAN
CO	264647	Universidad EIA
GT	27654	Universidad Francisco Marroquin
GT	27933	Universidad Galileo
MX	28382	Universidad Iberoamericana, A.C.
CO	26605	Universidad Industrial de Santander - UIS
MX	28391	Universidad Juarez Autonoma de Tabasco
MX	21603	Universidad La Salle, AC
CL	264724	Universidad Nacional Andres Bello
AR	270033	Universidad Nacional Arturo Jauretche
MX	278	Universidad Nacional Autonoma de Mexico
AR	3449	Universidad Nacional de Buenos Aires
CO	5722	Universidad Nacional de Colombia
AR	27790	Universidad Nacional de Cordoba
AR	27875	Universidad Nacional de Cuyo
AR	52424	Universidad Nacional de Entre Rios
AR	263186	Universidad Nacional de General Sarmiento
AR	264630	Universidad Nacional de Jujuy
AR	5692	Universidad Nacional de La Plata
AR	52442	Universidad Nacional de Lujan
AR	27981	Universidad Nacional de Mar del Plata
AR	263235	Universidad Nacional de Misiones
AR	61486	Universidad Nacional de Quilmes
AR	27770	Universidad Nacional de Rio Cuarto
AR	262156	Universidad Nacional de Rosario
AR	28068	Universidad Nacional de San Luis
AR	27993	Universidad Nacional del Litoral
AR	264683	Universidad Nacional del Noroeste de Buenos Aires UNNOBA
AR	52314	Universidad Nacional del Noroeste de Buenos Aires UNNOBA
AR	14845	Universidad Nacional del Sur
EC	269941	Universidad Particular de Especialidades Espiritu Santo
MX	28493	Universidad Pedagogica Nacional
CO	262226	Universidad Piloto de Colombia
CO	52488	Universidad Pontificia Bolivariana
CO	264782	Universidad Pontificia Bolivariana, Seccional Bucaramanga
MX	28505	Universidad Regiomontana, A.C.
VE	11694	Universidad Simon Bolivar
CL	26610	Universidad Tecnica Federico Santa Maria
EC	27820	Universidad Tecnica Particular de Loja
AR	27883	Universidad Tecnologica Nacional
PA	3551	Universidad Tecnologica de Panama
CO	266736	Universidad Tecnologica de Pereira
MX	7184	Universidad Veracruzana
CO	21578	Universidad autonoma de Bucaramanga
CL	28116	Universidad de Adolfo Ibanez
VE	17287	Universidad de Carabobo
VE	27893	Universidad de Carabobo
CL	23140	Universidad de Chile
MX	15236	Universidad de Colima
CR	263683	Universidad de Costa Rica
MX	2549	Universidad de Guadalajara
MX	2708	Universidad de Guanajuato
EC	269992	Universidad de Guayaquil
CO	52467	Universidad de Ibague
AR	52440	Universidad de La Punta
MX	1840	Universidad de Las Americas-Puebla
VE	23007	Universidad de Los Andes
CO	266869	Universidad de Narino
MX	4493	Universidad de Sonora
CL	52411	Universidad del Desarrollo
VE	27892	Universidad del Zulia
PT	8609	Universidade Catolica Portuguesa
BR	263076	Universidade Estadual de Maringa - UEM
BR	10715	Universidade Federal de Santa Catarina
BR	11242	Universidade Federal de Santa Catarina
BR	263300	Universidade Federal de Santa Catarina
BR	262511	Universidade Federal do Para
BR	19200	Universidade Federal do Rio Grande do Sul
BR	2716	Universidade Federal do Rio Grande do Sul
BR	269224	Universidade La Salle
BR	262533	Universidade do Estado do Para
BR	264029	Universidade para o Desenv. do Alto Vale do Itajai
AT	1114	Universitaet Graz
SN	328650	Universite-Virtuelle-du-Senegal-AS
CO	3603	University de Los Andes
AT	1110	University of Innsbruck
AT	1111	University of Klagenfurt
GR	8617	University of the Aegean
TZ	37218	University-of-Dodoma
GH	328076	University-of-Mines-and-Technology
NG	328362	UniversityIlorin-AS
BR	265886	Universo Digital Telecomunicacoes LTDA ME
BR	18479	Universo Online S.A.
BR	7162	Universo Online S.A.
SE	15980	Uppsala University
US	36289	VALORCHRISTIANHIGHSCHOOL-01
US	62912	VICTORIA-COLLEGE
AU	136247	VICUNI-AS-AP Victoria University
US	10448	VILLANOVA-UNIV
US	33120	VIRGINIA-BEACH-CITY-PUBLIC-SCHOOLS
US	46643	VIRGINIA-COLLEGE-SAVINGS-PLAN
US	22845	VIRGINIA-COMMUNITY-COLLEGE-SYSTEM
US	62932	VISALIAUNIFIEDSCHOOLDISTRICT
VN	45542	VNU-AS-VN VietNam National University Ha Noi
VN	140831	VNUDC-AS-VN Data Center of Vietnam National University Ho Chi Minh City
VN	135909	VNUHCM-AS-VN Information Technology Park - Vietnam National University Ho Chi Minh City
US	54257	VSC-AS-VERMONT-STATE-COLLEGES
NZ	23905	VUW-AS-AP Victoria University of Wellington
US	26732	WAGNER-COLLEGE
US	40245	WAKE-FOREST-UNIVERSITY
US	46569	WALSH-COLLEGE
US	396364	WALSH-UNIVERTSITY
US	54421	WARTBURG-COLLEGE
JP	17956	WASEDA WASEDA University
US	29955	WASHBURN-UNIVERSITY
US	21767	WASHINGTON-COLLEGE
PL	8970	WASK WROCMAN-EDU educational part of WASK network, Wroclaw, Poland
US	33460	WAUBONSEE-COMMUNITY-COLLEGE
AU	64090	WC-COODE-AS-AP Wesley College
JP	18076	WCE-IAMAS Institute of Advanced Media Arts and Sciences
US	33022	WELLESLEY-COLLEGE
US	25987	WESTCHESTER-LIBRARY
US	32125	WHEATON-COLLEGE
US	33019	WHEATONCOLLEGE
US	23317	WHITMANCOLLEGE
US	36683	WILLAMETTE-ESD
US	11399	WILLIAMSCOLLEGE
US	398117	WILSON-COLLEGE
US	17031	WINSTON-SALEM-SCHOOLS
NZ	45249	WINTEC-AS-AP Waikato Institute of Technology
NZ	55746	WITT-AS-AP Western Institute of Technology at Taranaki
US	19354	WJCC-PUBLIC-SCHOOLS
KR	9271	WKUNET-AS Wonkwang University
US	33636	WOFFORD-COLLEGE
KR	9782	WOOSONGEDU WooSong University
US	36094	WORCESTER-STATE-COLLEGE
US	36359	WORTH-CIT-SCHOOLS-OH
PL	20555	WSISIZ-AS University of Information Technology and Management
AU	138468	WSL-AS-AP Wenona School Limited
TH	9475	WU-TH-AP Walailuk University
US	32426	WV-SCHOOL-OF-OSTEOPATHIC-MEDICINE
AT	1776	Wirtschaftsuniversitaet Wien
PH	58706	XAVIER-AS Xavier School
US	36831	XAVIER-UNIVERSITY
KR	23975	YC-AS-KR Yonam Institute of Technology
TR	211249	YILDIZ-EDU-NET
KR	18319	YJNET-AS-KR YeungNam College of Science Technology
KR	23561	YONGINUNIVERSITY-AS-KR Yongin University
KR	4665	YONSEI-AS-KR Yonsei University
KR	10060	YONSEI01-AS-KR YONSEI UNIVERSITY HEALTH SYSTEM
TH	24328	YRU-AS-AP Yala Rajabhat University Education
KR	9631	YSU-AS-KR youngsan university
KR	23980	YU-AS-KR Yeungnam University
KR	17599	YUHAN-AS-KR Yuhan College
CA	7885	YUKONCOLLEGE
AE	57163	ZAYEDUNIVERSITY
PL	9103	ZIELMAN-EDU-AS Metropolitan Network ZielMAN
SI	28850	ZZZS-SI-ASN Health Insurance Institute of Slovenia
